date,sensor_name,aggregation_type,unit,value
2024-12-14 11:00:00+00,Solar radiation,avg,W/m2,546
2024-12-14 11:00:00+00,Solar Panel,last,mV,10319
2024-12-14 11:00:00+00,Precipitation,sum,mm,0.2
2024-12-14 11:00:00+00,Battery,last,mV,6878
2024-12-14 11:00:00+00,HC Serial Number,last,"",20734861
2024-12-14 11:00:00+00,HC Air temperature,avg,°C,18.33
2024-12-14 11:00:00+00,HC Air temperature,max,°C,18.57
2024-12-14 11:00:00+00,HC Air temperature,min,°C,18.05
2024-12-14 11:00:00+00,HC Relative humidity,avg,%,60.94
2024-12-14 11:00:00+00,HC Relative humidity,max,%,71.49
2024-12-14 11:00:00+00,HC Relative humidity,min,%,54.35
2024-12-14 11:00:00+00,Dew Point,avg,°C,10.6
2024-12-14 11:00:00+00,Dew Point,min,°C,8.9
2024-12-14 11:00:00+00,VPD,avg,mbar,8.2
2024-12-14 11:00:00+00,VPD,min,mbar,6
2024-12-14 11:00:00+00,DeltaT,avg,°C,4
2024-12-14 11:00:00+00,DeltaT,max,°C,5
2024-12-14 11:00:00+00,DeltaT,min,°C,3
2024-12-14 11:00:00+00,Sunshine duration,time,"",60
2024-12-14 11:00:00+00,U-sonic wind speed,avg,m/s,3.1
2024-12-14 11:00:00+00,U-sonic wind speed,max,m/s,3.5
2024-12-14 11:00:00+00,U-sonic wind dir,last,deg,273
2024-12-14 11:00:00+00,Wind gust,max,m/s,5.1
2024-12-14 11:00:00+00,U-sonic  wind hardware version,last,"",300
2024-12-14 11:00:00+00,U-sonic  wind firmware version,last,"",145
2024-12-14 11:00:00+00,U-sonic  wind identifier LSB,last,"",540292675
2024-12-14 11:00:00+00,U-sonic  wind identifier middle,last,"",1261522965
2024-12-14 11:00:00+00,U-sonic  wind identifier MSB,last,"",2687065
2024-12-14 11:00:00+00,EAG Soil moisture,avg,%,52.18
2024-12-14 11:00:00+00,Volumetric Ionic Content,avg,VIC,2309.27
2024-12-14 11:00:00+00,Soil temperature,avg,°C,15.6
2024-12-14 11:00:00+00,Soil temperature,max,°C,15.7
2024-12-14 11:00:00+00,Soil temperature,min,°C,15.5
2024-12-14 12:00:00+00,Solar radiation,avg,W/m2,491
2024-12-14 12:00:00+00,Solar Panel,last,mV,10305
2024-12-14 12:00:00+00,Precipitation,sum,mm,0
2024-12-14 12:00:00+00,Battery,last,mV,6875
2024-12-14 12:00:00+00,HC Serial Number,last,"",20734861
2024-12-14 12:00:00+00,HC Air temperature,avg,°C,18.74
2024-12-14 12:00:00+00,HC Air temperature,max,°C,18.93
2024-12-14 12:00:00+00,HC Air temperature,min,°C,18.51
2024-12-14 12:00:00+00,HC Relative humidity,avg,%,53.39
2024-12-14 12:00:00+00,HC Relative humidity,max,%,56.47
2024-12-14 12:00:00+00,HC Relative humidity,min,%,50.6
2024-12-14 12:00:00+00,Dew Point,avg,°C,9
2024-12-14 12:00:00+00,Dew Point,min,°C,8.2
2024-12-14 12:00:00+00,VPD,avg,mbar,10
2024-12-14 12:00:00+00,VPD,min,mbar,9.3
2024-12-14 12:00:00+00,DeltaT,avg,°C,5
2024-12-14 12:00:00+00,DeltaT,max,°C,6
2024-12-14 12:00:00+00,DeltaT,min,°C,5
2024-12-14 12:00:00+00,Sunshine duration,time,"",60
2024-12-14 12:00:00+00,U-sonic wind speed,avg,m/s,3.1
2024-12-14 12:00:00+00,U-sonic wind speed,max,m/s,3.7
2024-12-14 12:00:00+00,U-sonic wind dir,last,deg,267
2024-12-14 12:00:00+00,Wind gust,max,m/s,5.1
2024-12-14 12:00:00+00,U-sonic  wind hardware version,last,"",300
2024-12-14 12:00:00+00,U-sonic  wind firmware version,last,"",145
2024-12-14 12:00:00+00,U-sonic  wind identifier LSB,last,"",540292675
2024-12-14 12:00:00+00,U-sonic  wind identifier middle,last,"",1261522965
2024-12-14 12:00:00+00,U-sonic  wind identifier MSB,last,"",2687065
2024-12-14 12:00:00+00,EAG Soil moisture,avg,%,52.17
2024-12-14 12:00:00+00,Volumetric Ionic Content,avg,VIC,2304.3273
2024-12-14 12:00:00+00,Soil temperature,avg,°C,15.6
2024-12-14 12:00:00+00,Soil temperature,max,°C,15.7
2024-12-14 12:00:00+00,Soil temperature,min,°C,15.5
2024-12-14 13:00:00+00,Solar radiation,avg,W/m2,391
2024-12-14 13:00:00+00,Solar Panel,last,mV,10242
2024-12-14 13:00:00+00,Precipitation,sum,mm,0
2024-12-14 13:00:00+00,Battery,last,mV,6870
2024-12-14 13:00:00+00,HC Serial Number,last,"",20734861
2024-12-14 13:00:00+00,HC Air temperature,avg,°C,18.61
2024-12-14 13:00:00+00,HC Air temperature,max,°C,18.76
2024-12-14 13:00:00+00,HC Air temperature,min,°C,18.44
2024-12-14 13:00:00+00,HC Relative humidity,avg,%,62.5
2024-12-14 13:00:00+00,HC Relative humidity,max,%,67.86
2024-12-14 13:00:00+00,HC Relative humidity,min,%,57.24
2024-12-14 13:00:00+00,Dew Point,avg,°C,11.3
2024-12-14 13:00:00+00,Dew Point,min,°C,9.8
2024-12-14 13:00:00+00,VPD,avg,mbar,8
2024-12-14 13:00:00+00,VPD,min,mbar,6.8
2024-12-14 13:00:00+00,DeltaT,avg,°C,4
2024-12-14 13:00:00+00,DeltaT,max,°C,5
2024-12-14 13:00:00+00,DeltaT,min,°C,4
2024-12-14 13:00:00+00,Sunshine duration,time,"",60
2024-12-14 13:00:00+00,U-sonic wind speed,avg,m/s,3.4
2024-12-14 13:00:00+00,U-sonic wind speed,max,m/s,4
2024-12-14 13:00:00+00,U-sonic wind dir,last,deg,268
2024-12-14 13:00:00+00,Wind gust,max,m/s,5.5
2024-12-14 13:00:00+00,U-sonic  wind hardware version,last,"",300
2024-12-14 13:00:00+00,U-sonic  wind firmware version,last,"",145
2024-12-14 13:00:00+00,U-sonic  wind identifier LSB,last,"",540292675
2024-12-14 13:00:00+00,U-sonic  wind identifier middle,last,"",1261522965
2024-12-14 13:00:00+00,U-sonic  wind identifier MSB,last,"",2687065
2024-12-14 13:00:00+00,EAG Soil moisture,avg,%,52.17
2024-12-14 13:00:00+00,Volumetric Ionic Content,avg,VIC,2300.641
2024-12-14 13:00:00+00,Soil temperature,avg,°C,15.6
2024-12-14 13:00:00+00,Soil temperature,max,°C,15.6
2024-12-14 13:00:00+00,Soil temperature,min,°C,15.6
2024-12-14 14:00:00+00,Solar radiation,avg,W/m2,227
2024-12-14 14:00:00+00,Solar Panel,last,mV,9979
2024-12-14 14:00:00+00,Precipitation,sum,mm,0
2024-12-14 14:00:00+00,Battery,last,mV,6870
2024-12-14 14:00:00+00,HC Serial Number,last,"",20734861
2024-12-14 14:00:00+00,HC Air temperature,avg,°C,17.6
2024-12-14 14:00:00+00,HC Air temperature,max,°C,18.26
2024-12-14 14:00:00+00,HC Air temperature,min,°C,17.05
2024-12-14 14:00:00+00,HC Relative humidity,avg,%,71.23
2024-12-14 14:00:00+00,HC Relative humidity,max,%,77.01
2024-12-14 14:00:00+00,HC Relative humidity,min,%,67.72
2024-12-14 14:00:00+00,Dew Point,avg,°C,12.3
2024-12-14 14:00:00+00,Dew Point,min,°C,11.5
2024-12-14 14:00:00+00,VPD,avg,mbar,5.7
2024-12-14 14:00:00+00,VPD,min,mbar,4.4
2024-12-14 14:00:00+00,DeltaT,avg,°C,3
2024-12-14 14:00:00+00,DeltaT,max,°C,4
2024-12-14 14:00:00+00,DeltaT,min,°C,2
2024-12-14 14:00:00+00,Sunshine duration,time,"",60
2024-12-14 14:00:00+00,U-sonic wind speed,avg,m/s,3.7
2024-12-14 14:00:00+00,U-sonic wind speed,max,m/s,4.4
2024-12-14 14:00:00+00,U-sonic wind dir,last,deg,250
2024-12-14 14:00:00+00,Wind gust,max,m/s,6
2024-12-14 14:00:00+00,U-sonic  wind hardware version,last,"",300
2024-12-14 14:00:00+00,U-sonic  wind firmware version,last,"",145
2024-12-14 14:00:00+00,U-sonic  wind identifier LSB,last,"",540292675
2024-12-14 14:00:00+00,U-sonic  wind identifier middle,last,"",1261522965
2024-12-14 14:00:00+00,U-sonic  wind identifier MSB,last,"",2687065
2024-12-14 14:00:00+00,EAG Soil moisture,avg,%,52.18
2024-12-14 14:00:00+00,Volumetric Ionic Content,avg,VIC,2296.1659
2024-12-14 14:00:00+00,Soil temperature,avg,°C,15.6
2024-12-14 14:00:00+00,Soil temperature,max,°C,15.7
2024-12-14 14:00:00+00,Soil temperature,min,°C,15.5
2024-12-14 15:00:00+00,Solar radiation,avg,W/m2,84
2024-12-14 15:00:00+00,Solar Panel,last,mV,2593
2024-12-14 15:00:00+00,Precipitation,sum,mm,0
2024-12-14 15:00:00+00,Battery,last,mV,6824
2024-12-14 15:00:00+00,HC Serial Number,last,"",20734861
2024-12-14 15:00:00+00,HC Air temperature,avg,°C,16.5
2024-12-14 15:00:00+00,HC Air temperature,max,°C,16.88
2024-12-14 15:00:00+00,HC Air temperature,min,°C,15.99
2024-12-14 15:00:00+00,HC Relative humidity,avg,%,78.28
2024-12-14 15:00:00+00,HC Relative humidity,max,%,81.79
2024-12-14 15:00:00+00,HC Relative humidity,min,%,73.92
2024-12-14 15:00:00+00,Dew Point,avg,°C,12.7
2024-12-14 15:00:00+00,Dew Point,min,°C,12
2024-12-14 15:00:00+00,VPD,avg,mbar,4.1
2024-12-14 15:00:00+00,VPD,min,mbar,3.3
2024-12-14 15:00:00+00,DeltaT,avg,°C,2
2024-12-14 15:00:00+00,DeltaT,max,°C,3
2024-12-14 15:00:00+00,DeltaT,min,°C,2
2024-12-14 15:00:00+00,Sunshine duration,time,"",15
2024-12-14 15:00:00+00,U-sonic wind speed,avg,m/s,2.8
2024-12-14 15:00:00+00,U-sonic wind speed,max,m/s,3.8
2024-12-14 15:00:00+00,U-sonic wind dir,last,deg,250
2024-12-14 15:00:00+00,Wind gust,max,m/s,5.2
2024-12-14 15:00:00+00,U-sonic  wind hardware version,last,"",300
2024-12-14 15:00:00+00,U-sonic  wind firmware version,last,"",145
2024-12-14 15:00:00+00,U-sonic  wind identifier LSB,last,"",540292675
2024-12-14 15:00:00+00,U-sonic  wind identifier middle,last,"",1261522965
2024-12-14 15:00:00+00,U-sonic  wind identifier MSB,last,"",2687065
2024-12-14 15:00:00+00,EAG Soil moisture,avg,%,52.18
2024-12-14 15:00:00+00,Volumetric Ionic Content,avg,VIC,2292.1201
2024-12-14 15:00:00+00,Soil temperature,avg,°C,15.6
2024-12-14 15:00:00+00,Soil temperature,max,°C,15.6
2024-12-14 15:00:00+00,Soil temperature,min,°C,15.5
2024-12-14 16:00:00+00,Solar radiation,avg,W/m2,0
2024-12-14 16:00:00+00,Solar Panel,last,mV,0
2024-12-14 16:00:00+00,Precipitation,sum,mm,0
2024-12-14 16:00:00+00,Battery,last,mV,6647
2024-12-14 16:00:00+00,HC Serial Number,last,"",20734861
2024-12-14 16:00:00+00,HC Air temperature,avg,°C,15.4
2024-12-14 16:00:00+00,HC Air temperature,max,°C,15.75
2024-12-14 16:00:00+00,HC Air temperature,min,°C,15.14
2024-12-14 16:00:00+00,HC Relative humidity,avg,%,85.95
2024-12-14 16:00:00+00,HC Relative humidity,max,%,87.63
2024-12-14 16:00:00+00,HC Relative humidity,min,%,83.7
2024-12-14 16:00:00+00,Dew Point,avg,°C,13
2024-12-14 16:00:00+00,Dew Point,min,°C,12.9
2024-12-14 16:00:00+00,VPD,avg,mbar,2.4
2024-12-14 16:00:00+00,VPD,min,mbar,2.1
2024-12-14 16:00:00+00,DeltaT,avg,°C,1
2024-12-14 16:00:00+00,DeltaT,max,°C,2
2024-12-14 16:00:00+00,DeltaT,min,°C,1
2024-12-14 16:00:00+00,Sunshine duration,time,"",0
2024-12-14 16:00:00+00,U-sonic wind speed,avg,m/s,1.9
2024-12-14 16:00:00+00,U-sonic wind speed,max,m/s,2.2
2024-12-14 16:00:00+00,U-sonic wind dir,last,deg,243
2024-12-14 16:00:00+00,Wind gust,max,m/s,3.4
2024-12-14 16:00:00+00,U-sonic  wind hardware version,last,"",300
2024-12-14 16:00:00+00,U-sonic  wind firmware version,last,"",145
2024-12-14 16:00:00+00,U-sonic  wind identifier LSB,last,"",540292675
2024-12-14 16:00:00+00,U-sonic  wind identifier middle,last,"",1261522965
2024-12-14 16:00:00+00,U-sonic  wind identifier MSB,last,"",2687065
2024-12-14 16:00:00+00,EAG Soil moisture,avg,%,52.19
2024-12-14 16:00:00+00,Volumetric Ionic Content,avg,VIC,2290.9093
2024-12-14 16:00:00+00,Soil temperature,avg,°C,15.6
2024-12-14 16:00:00+00,Soil temperature,max,°C,15.7
2024-12-14 16:00:00+00,Soil temperature,min,°C,15.4
2024-12-14 17:00:00+00,Solar radiation,avg,W/m2,0
2024-12-14 17:00:00+00,Solar Panel,last,mV,0
2024-12-14 17:00:00+00,Precipitation,sum,mm,0
2024-12-14 17:00:00+00,Battery,last,mV,6588
2024-12-14 17:00:00+00,HC Serial Number,last,"",20734861
2024-12-14 17:00:00+00,HC Air temperature,avg,°C,14.62
2024-12-14 17:00:00+00,HC Air temperature,max,°C,15.11
2024-12-14 17:00:00+00,HC Air temperature,min,°C,14.37
2024-12-14 17:00:00+00,HC Relative humidity,avg,%,88.66
2024-12-14 17:00:00+00,HC Relative humidity,max,%,89.87
2024-12-14 17:00:00+00,HC Relative humidity,min,%,87.13
2024-12-14 17:00:00+00,Dew Point,avg,°C,12.7
2024-12-14 17:00:00+00,Dew Point,min,°C,12.3
2024-12-14 17:00:00+00,VPD,avg,mbar,1.8
2024-12-14 17:00:00+00,VPD,min,mbar,1.6
2024-12-14 17:00:00+00,DeltaT,avg,°C,1
2024-12-14 17:00:00+00,DeltaT,max,°C,1
2024-12-14 17:00:00+00,DeltaT,min,°C,1
2024-12-14 17:00:00+00,Sunshine duration,time,"",0
2024-12-14 17:00:00+00,U-sonic wind speed,avg,m/s,1.8
2024-12-14 17:00:00+00,U-sonic wind speed,max,m/s,2.2
2024-12-14 17:00:00+00,U-sonic wind dir,last,deg,239
2024-12-14 17:00:00+00,Wind gust,max,m/s,3.1
2024-12-14 17:00:00+00,U-sonic  wind hardware version,last,"",300
2024-12-14 17:00:00+00,U-sonic  wind firmware version,last,"",145
2024-12-14 17:00:00+00,U-sonic  wind identifier LSB,last,"",540292675
2024-12-14 17:00:00+00,U-sonic  wind identifier middle,last,"",1261522965
2024-12-14 17:00:00+00,U-sonic  wind identifier MSB,last,"",2687065
2024-12-14 17:00:00+00,EAG Soil moisture,avg,%,52.2
2024-12-14 17:00:00+00,Volumetric Ionic Content,avg,VIC,2289.295
2024-12-14 17:00:00+00,Soil temperature,avg,°C,15.5
2024-12-14 17:00:00+00,Soil temperature,max,°C,15.6
2024-12-14 17:00:00+00,Soil temperature,min,°C,15.5
2024-12-14 18:00:00+00,Solar radiation,avg,W/m2,0
2024-12-14 18:00:00+00,Solar Panel,last,mV,0
2024-12-14 18:00:00+00,Precipitation,sum,mm,0
2024-12-14 18:00:00+00,Battery,last,mV,6576
2024-12-14 18:00:00+00,HC Serial Number,last,"",20734861
2024-12-14 18:00:00+00,HC Air temperature,avg,°C,14.37
2024-12-14 18:00:00+00,HC Air temperature,max,°C,14.67
2024-12-14 18:00:00+00,HC Air temperature,min,°C,14.22
2024-12-14 18:00:00+00,HC Relative humidity,avg,%,85.99
2024-12-14 18:00:00+00,HC Relative humidity,max,%,87.61
2024-12-14 18:00:00+00,HC Relative humidity,min,%,84.92
2024-12-14 18:00:00+00,Dew Point,avg,°C,12
2024-12-14 18:00:00+00,Dew Point,min,°C,11.9
2024-12-14 18:00:00+00,VPD,avg,mbar,2.3
2024-12-14 18:00:00+00,VPD,min,mbar,2
2024-12-14 18:00:00+00,DeltaT,avg,°C,1
2024-12-14 18:00:00+00,DeltaT,max,°C,1
2024-12-14 18:00:00+00,DeltaT,min,°C,1
2024-12-14 18:00:00+00,Sunshine duration,time,"",0
2024-12-14 18:00:00+00,U-sonic wind speed,avg,m/s,1.6
2024-12-14 18:00:00+00,U-sonic wind speed,max,m/s,2.7
2024-12-14 18:00:00+00,U-sonic wind dir,last,deg,259
2024-12-14 18:00:00+00,Wind gust,max,m/s,4.2
2024-12-14 18:00:00+00,U-sonic  wind hardware version,last,"",300
2024-12-14 18:00:00+00,U-sonic  wind firmware version,last,"",145
2024-12-14 18:00:00+00,U-sonic  wind identifier LSB,last,"",540292675
2024-12-14 18:00:00+00,U-sonic  wind identifier middle,last,"",1261522965
2024-12-14 18:00:00+00,U-sonic  wind identifier MSB,last,"",2687065
2024-12-14 18:00:00+00,EAG Soil moisture,avg,%,52.2
2024-12-14 18:00:00+00,Volumetric Ionic Content,avg,VIC,2290.5078
2024-12-14 18:00:00+00,Soil temperature,avg,°C,15.5
2024-12-14 18:00:00+00,Soil temperature,max,°C,15.6
2024-12-14 18:00:00+00,Soil temperature,min,°C,15.5
2024-12-14 19:00:00+00,Solar radiation,avg,W/m2,0
2024-12-14 19:00:00+00,Solar Panel,last,mV,0
2024-12-14 19:00:00+00,Precipitation,sum,mm,0
2024-12-14 19:00:00+00,Battery,last,mV,6568
2024-12-14 19:00:00+00,HC Serial Number,last,"",20734861
2024-12-14 19:00:00+00,HC Air temperature,avg,°C,14.06
2024-12-14 19:00:00+00,HC Air temperature,max,°C,14.61
2024-12-14 19:00:00+00,HC Air temperature,min,°C,13.56
2024-12-14 19:00:00+00,HC Relative humidity,avg,%,88.89
2024-12-14 19:00:00+00,HC Relative humidity,max,%,91.02
2024-12-14 19:00:00+00,HC Relative humidity,min,%,85.96
2024-12-14 19:00:00+00,Dew Point,avg,°C,12.2
2024-12-14 19:00:00+00,Dew Point,min,°C,12
2024-12-14 19:00:00+00,VPD,avg,mbar,1.7
2024-12-14 19:00:00+00,VPD,min,mbar,1.3
2024-12-14 19:00:00+00,DeltaT,avg,°C,1
2024-12-14 19:00:00+00,DeltaT,max,°C,1
2024-12-14 19:00:00+00,DeltaT,min,°C,1
2024-12-14 19:00:00+00,Sunshine duration,time,"",0
2024-12-14 19:00:00+00,U-sonic wind speed,avg,m/s,0.8
2024-12-14 19:00:00+00,U-sonic wind speed,max,m/s,2.2
2024-12-14 19:00:00+00,U-sonic wind dir,last,deg,202
2024-12-14 19:00:00+00,Wind gust,max,m/s,2.8
2024-12-14 19:00:00+00,U-sonic  wind hardware version,last,"",300
2024-12-14 19:00:00+00,U-sonic  wind firmware version,last,"",145
2024-12-14 19:00:00+00,U-sonic  wind identifier LSB,last,"",540292675
2024-12-14 19:00:00+00,U-sonic  wind identifier middle,last,"",1261522965
2024-12-14 19:00:00+00,U-sonic  wind identifier MSB,last,"",2687065
2024-12-14 19:00:00+00,EAG Soil moisture,avg,%,52.19
2024-12-14 19:00:00+00,Volumetric Ionic Content,avg,VIC,2291.7165
2024-12-14 19:00:00+00,Soil temperature,avg,°C,15.5
2024-12-14 19:00:00+00,Soil temperature,max,°C,15.6
2024-12-14 19:00:00+00,Soil temperature,min,°C,15.4
2024-12-14 20:00:00+00,Solar radiation,avg,W/m2,0
2024-12-14 20:00:00+00,Solar Panel,last,mV,0
2024-12-14 20:00:00+00,Precipitation,sum,mm,0
2024-12-14 20:00:00+00,Battery,last,mV,6571
2024-12-14 20:00:00+00,HC Serial Number,last,"",20734861
2024-12-14 20:00:00+00,HC Air temperature,avg,°C,13.81
2024-12-14 20:00:00+00,HC Air temperature,max,°C,14.13
2024-12-14 20:00:00+00,HC Air temperature,min,°C,13.39
2024-12-14 20:00:00+00,HC Relative humidity,avg,%,90.7
2024-12-14 20:00:00+00,HC Relative humidity,max,%,92.6
2024-12-14 20:00:00+00,HC Relative humidity,min,%,88.86
2024-12-14 20:00:00+00,Dew Point,avg,°C,12.3
2024-12-14 20:00:00+00,Dew Point,min,°C,12
2024-12-14 20:00:00+00,VPD,avg,mbar,1.4
2024-12-14 20:00:00+00,VPD,min,mbar,1.1
2024-12-14 20:00:00+00,DeltaT,avg,°C,1
2024-12-14 20:00:00+00,DeltaT,max,°C,1
2024-12-14 20:00:00+00,DeltaT,min,°C,1
2024-12-14 20:00:00+00,Sunshine duration,time,"",0
2024-12-14 20:00:00+00,U-sonic wind speed,avg,m/s,0.7
2024-12-14 20:00:00+00,U-sonic wind speed,max,m/s,1
2024-12-14 20:00:00+00,U-sonic wind dir,last,deg,168
2024-12-14 20:00:00+00,Wind gust,max,m/s,1.6
2024-12-14 20:00:00+00,U-sonic  wind hardware version,last,"",300
2024-12-14 20:00:00+00,U-sonic  wind firmware version,last,"",145
2024-12-14 20:00:00+00,U-sonic  wind identifier LSB,last,"",540292675
2024-12-14 20:00:00+00,U-sonic  wind identifier middle,last,"",1261522965
2024-12-14 20:00:00+00,U-sonic  wind identifier MSB,last,"",2687065
2024-12-14 20:00:00+00,EAG Soil moisture,avg,%,52.2
2024-12-14 20:00:00+00,Volumetric Ionic Content,avg,VIC,2294.138
2024-12-14 20:00:00+00,Soil temperature,avg,°C,15.5
2024-12-14 20:00:00+00,Soil temperature,max,°C,15.5
2024-12-14 20:00:00+00,Soil temperature,min,°C,15.4
2024-12-14 21:00:00+00,Solar radiation,avg,W/m2,0
2024-12-14 21:00:00+00,Solar Panel,last,mV,0
2024-12-14 21:00:00+00,Precipitation,sum,mm,0
2024-12-14 21:00:00+00,Battery,last,mV,6565
2024-12-14 21:00:00+00,HC Serial Number,last,"",20734861
2024-12-14 21:00:00+00,HC Air temperature,avg,°C,13.46
2024-12-14 21:00:00+00,HC Air temperature,max,°C,13.65
2024-12-14 21:00:00+00,HC Air temperature,min,°C,13.31
2024-12-14 21:00:00+00,HC Relative humidity,avg,%,92.69
2024-12-14 21:00:00+00,HC Relative humidity,max,%,93.3
2024-12-14 21:00:00+00,HC Relative humidity,min,%,91.19
2024-12-14 21:00:00+00,Dew Point,avg,°C,12.2
2024-12-14 21:00:00+00,Dew Point,min,°C,12.1
2024-12-14 21:00:00+00,VPD,avg,mbar,1.1
2024-12-14 21:00:00+00,VPD,min,mbar,1
2024-12-14 21:00:00+00,DeltaT,avg,°C,1
2024-12-14 21:00:00+00,DeltaT,max,°C,1
2024-12-14 21:00:00+00,DeltaT,min,°C,1
2024-12-14 21:00:00+00,Sunshine duration,time,"",0
2024-12-14 21:00:00+00,U-sonic wind speed,avg,m/s,0.7
2024-12-14 21:00:00+00,U-sonic wind speed,max,m/s,1
2024-12-14 21:00:00+00,U-sonic wind dir,last,deg,208
2024-12-14 21:00:00+00,Wind gust,max,m/s,1.5
2024-12-14 21:00:00+00,U-sonic  wind hardware version,last,"",300
2024-12-14 21:00:00+00,U-sonic  wind firmware version,last,"",145
2024-12-14 21:00:00+00,U-sonic  wind identifier LSB,last,"",540292675
2024-12-14 21:00:00+00,U-sonic  wind identifier middle,last,"",1261522965
2024-12-14 21:00:00+00,U-sonic  wind identifier MSB,last,"",2687065
2024-12-14 21:00:00+00,EAG Soil moisture,avg,%,52.19
2024-12-14 21:00:00+00,Volumetric Ionic Content,avg,VIC,2294.138
2024-12-14 21:00:00+00,Soil temperature,avg,°C,15.5
2024-12-14 21:00:00+00,Soil temperature,max,°C,15.6
2024-12-14 21:00:00+00,Soil temperature,min,°C,15.4
2024-12-14 22:00:00+00,Solar radiation,avg,W/m2,0
2024-12-14 22:00:00+00,Solar Panel,last,mV,0
2024-12-14 22:00:00+00,Precipitation,sum,mm,0
2024-12-14 22:00:00+00,Battery,last,mV,6556
2024-12-14 22:00:00+00,HC Serial Number,last,"",20734861
2024-12-14 22:00:00+00,HC Air temperature,avg,°C,13.13
2024-12-14 22:00:00+00,HC Air temperature,max,°C,13.37
2024-12-14 22:00:00+00,HC Air temperature,min,°C,12.97
2024-12-14 22:00:00+00,HC Relative humidity,avg,%,93.32
2024-12-14 22:00:00+00,HC Relative humidity,max,%,94.25
2024-12-14 22:00:00+00,HC Relative humidity,min,%,92.29
2024-12-14 22:00:00+00,Dew Point,avg,°C,12
2024-12-14 22:00:00+00,Dew Point,min,°C,11.8
2024-12-14 22:00:00+00,VPD,avg,mbar,1
2024-12-14 22:00:00+00,VPD,min,mbar,0.8
2024-12-14 22:00:00+00,DeltaT,avg,°C,1
2024-12-14 22:00:00+00,DeltaT,max,°C,1
2024-12-14 22:00:00+00,DeltaT,min,°C,0
2024-12-14 22:00:00+00,Sunshine duration,time,"",0
2024-12-14 22:00:00+00,U-sonic wind speed,avg,m/s,0.6
2024-12-14 22:00:00+00,U-sonic wind speed,max,m/s,1.5
2024-12-14 22:00:00+00,U-sonic wind dir,last,deg,164
2024-12-14 22:00:00+00,Wind gust,max,m/s,2.4
2024-12-14 22:00:00+00,U-sonic  wind hardware version,last,"",300
2024-12-14 22:00:00+00,U-sonic  wind firmware version,last,"",145
2024-12-14 22:00:00+00,U-sonic  wind identifier LSB,last,"",540292675
2024-12-14 22:00:00+00,U-sonic  wind identifier middle,last,"",1261522965
2024-12-14 22:00:00+00,U-sonic  wind identifier MSB,last,"",2687065
2024-12-14 22:00:00+00,EAG Soil moisture,avg,%,52.2
2024-12-14 22:00:00+00,Volumetric Ionic Content,avg,VIC,2294.138
2024-12-14 22:00:00+00,Soil temperature,avg,°C,15.5
2024-12-14 22:00:00+00,Soil temperature,max,°C,15.5
2024-12-14 22:00:00+00,Soil temperature,min,°C,15.4
2024-12-14 23:00:00+00,Solar radiation,avg,W/m2,0
2024-12-14 23:00:00+00,Solar Panel,last,mV,0
2024-12-14 23:00:00+00,Precipitation,sum,mm,0
2024-12-14 23:00:00+00,Battery,last,mV,6553
2024-12-14 23:00:00+00,HC Serial Number,last,"",20734861
2024-12-14 23:00:00+00,HC Air temperature,avg,°C,13.25
2024-12-14 23:00:00+00,HC Air temperature,max,°C,13.9
2024-12-14 23:00:00+00,HC Air temperature,min,°C,12.88
2024-12-14 23:00:00+00,HC Relative humidity,avg,%,92.63
2024-12-14 23:00:00+00,HC Relative humidity,max,%,94.39
2024-12-14 23:00:00+00,HC Relative humidity,min,%,90.2
2024-12-14 23:00:00+00,Dew Point,avg,°C,12
2024-12-14 23:00:00+00,Dew Point,min,°C,11.9
2024-12-14 23:00:00+00,VPD,avg,mbar,1.1
2024-12-14 23:00:00+00,VPD,min,mbar,0.8
2024-12-14 23:00:00+00,DeltaT,avg,°C,1
2024-12-14 23:00:00+00,DeltaT,max,°C,1
2024-12-14 23:00:00+00,DeltaT,min,°C,0
2024-12-14 23:00:00+00,Sunshine duration,time,"",0
2024-12-14 23:00:00+00,U-sonic wind speed,avg,m/s,0.9
2024-12-14 23:00:00+00,U-sonic wind speed,max,m/s,1.7
2024-12-14 23:00:00+00,U-sonic wind dir,last,deg,213
2024-12-14 23:00:00+00,Wind gust,max,m/s,3
2024-12-14 23:00:00+00,U-sonic  wind hardware version,last,"",300
2024-12-14 23:00:00+00,U-sonic  wind firmware version,last,"",145
2024-12-14 23:00:00+00,U-sonic  wind identifier LSB,last,"",540292675
2024-12-14 23:00:00+00,U-sonic  wind identifier middle,last,"",1261522965
2024-12-14 23:00:00+00,U-sonic  wind identifier MSB,last,"",2687065
2024-12-14 23:00:00+00,EAG Soil moisture,avg,%,52.18
2024-12-14 23:00:00+00,Volumetric Ionic Content,avg,VIC,2294.138
2024-12-14 23:00:00+00,Soil temperature,avg,°C,15.5
2024-12-14 23:00:00+00,Soil temperature,max,°C,15.6
2024-12-14 23:00:00+00,Soil temperature,min,°C,15.4
2024-12-15 01:00:00+00,U-sonic wind speed,max,m/s,2.5
2024-12-15 01:00:00+00,U-sonic wind dir,last,deg,238
2024-12-15 01:00:00+00,Wind gust,max,m/s,4
2024-12-15 01:00:00+00,U-sonic  wind hardware version,last,"",300
2024-12-15 01:00:00+00,U-sonic  wind firmware version,last,"",145
2024-12-15 01:00:00+00,U-sonic  wind identifier LSB,last,"",540292675
2024-12-15 01:00:00+00,U-sonic  wind identifier middle,last,"",1261522965
2024-12-15 01:00:00+00,U-sonic  wind identifier MSB,last,"",2687065
2024-12-15 02:00:00+00,VPD,avg,mbar,0.8
2024-12-15 02:00:00+00,VPD,min,mbar,0.3
2024-12-15 02:00:00+00,DeltaT,avg,°C,0
2024-12-15 02:00:00+00,DeltaT,max,°C,1
2024-12-15 02:00:00+00,DeltaT,min,°C,0
2024-12-15 02:00:00+00,Sunshine duration,time,"",0
2024-12-15 02:00:00+00,U-sonic wind speed,avg,m/s,2.1
2024-12-15 02:00:00+00,U-sonic wind speed,max,m/s,2.8
2024-12-15 02:00:00+00,U-sonic wind dir,last,deg,243
2024-12-15 02:00:00+00,Wind gust,max,m/s,4.4
2024-12-15 02:00:00+00,U-sonic  wind hardware version,last,"",300
2024-12-15 02:00:00+00,U-sonic  wind firmware version,last,"",145
2024-12-15 02:00:00+00,U-sonic  wind identifier LSB,last,"",540292675
2024-12-15 02:00:00+00,U-sonic  wind identifier middle,last,"",1261522965
2024-12-15 02:00:00+00,U-sonic  wind identifier MSB,last,"",2687065
2024-12-15 02:00:00+00,EAG Soil moisture,avg,%,52.19
2024-12-15 02:00:00+00,Volumetric Ionic Content,avg,VIC,2434.7975
2024-12-15 03:00:00+00,Soil temperature,avg,°C,15.5
2024-12-15 03:00:00+00,Soil temperature,max,°C,15.5
2024-12-15 03:00:00+00,Soil temperature,min,°C,15.4
2024-12-15 04:00:00+00,Solar radiation,avg,W/m2,0
2024-12-15 04:00:00+00,Solar Panel,last,mV,0
2024-12-15 04:00:00+00,Precipitation,sum,mm,2
2024-12-15 04:00:00+00,Soil temperature,avg,°C,15.5
2024-12-15 04:00:00+00,Soil temperature,max,°C,15.6
2024-12-15 04:00:00+00,Soil temperature,min,°C,15.4
2024-12-15 05:00:00+00,Solar radiation,avg,W/m2,0
2024-12-15 05:00:00+00,Solar Panel,last,mV,0
2024-12-15 05:00:00+00,Precipitation,sum,mm,0.6
2024-12-15 05:00:00+00,Battery,last,mV,6502
2024-12-15 05:00:00+00,HC Serial Number,last,"",20734861
2024-12-15 05:00:00+00,HC Air temperature,avg,°C,11.79
2024-12-15 05:00:00+00,HC Air temperature,max,°C,12.08
2024-12-15 05:00:00+00,HC Air temperature,min,°C,11.56
2024-12-15 05:00:00+00,HC Relative humidity,avg,%,98.19
2024-12-15 06:00:00+00,HC Serial Number,last,"",20734861
2024-12-15 06:00:00+00,HC Air temperature,avg,°C,11.62
2024-12-15 06:00:00+00,HC Air temperature,max,°C,11.68
2024-12-15 06:00:00+00,VPD,avg,mbar,0.1
2024-12-15 07:00:00+00,EAG Soil moisture,avg,%,52.19
2024-12-15 07:00:00+00,Volumetric Ionic Content,avg,VIC,2410.3562
2024-12-15 08:00:00+00,U-sonic  wind identifier MSB,last,"",2687065
2024-12-15 08:00:00+00,EAG Soil moisture,avg,%,52.19
2024-12-15 08:00:00+00,Volumetric Ionic Content,avg,VIC,2372.6899
2024-12-15 12:00:00+00,Battery,last,mV,6872
2024-12-15 15:00:00+00,HC Air temperature,min,°C,13.26
2024-12-15 15:00:00+00,HC Relative humidity,avg,%,73.59
2024-12-15 15:00:00+00,HC Relative humidity,max,%,75.71
2024-12-15 15:00:00+00,HC Relative humidity,min,%,71.57
2024-12-15 15:00:00+00,Dew Point,avg,°C,9.2
2024-12-15 16:00:00+00,EAG Soil moisture,avg,%,52.2
2024-12-15 21:00:00+00,EAG Soil moisture,avg,%,52.2
2024-12-15 21:00:00+00,Volumetric Ionic Content,avg,VIC,2377.5773
2024-12-15 22:00:00+00,Solar radiation,avg,W/m2,0
2024-12-15 22:00:00+00,Solar Panel,last,mV,0
2024-12-15 22:00:00+00,Precipitation,sum,mm,0
2024-12-15 22:00:00+00,Battery,last,mV,6556
2024-12-15 22:00:00+00,HC Serial Number,last,"",20734861
2024-12-15 22:00:00+00,HC Air temperature,avg,°C,13.02
2024-12-15 22:00:00+00,HC Air temperature,max,°C,13.02
2024-12-15 22:00:00+00,HC Air temperature,min,°C,13.02
2024-12-15 22:00:00+00,HC Relative humidity,avg,%,79.41
2024-12-15 22:00:00+00,HC Relative humidity,max,%,79.41
2024-12-15 22:00:00+00,HC Relative humidity,min,%,79.41
2024-12-15 22:00:00+00,Dew Point,avg,°C,9.5
2024-12-15 22:00:00+00,Dew Point,min,°C,9.5
2024-12-15 22:00:00+00,VPD,avg,mbar,3
2024-12-15 22:00:00+00,VPD,min,mbar,3
2024-12-15 10:00:00+00,Battery,last,mV,6867
2024-12-15 22:00:00+00,DeltaT,avg,°C,2
2024-12-15 22:00:00+00,DeltaT,max,°C,2
2024-12-15 22:00:00+00,DeltaT,min,°C,2
2024-12-15 22:00:00+00,Sunshine duration,time,"",0
2024-12-15 22:00:00+00,U-sonic wind speed,avg,m/s,3.4
2024-12-15 22:00:00+00,U-sonic wind speed,max,m/s,3.4
2024-12-15 22:00:00+00,U-sonic wind dir,last,deg,285
2024-12-15 22:00:00+00,Wind gust,max,m/s,5.7
2024-12-15 22:00:00+00,U-sonic  wind hardware version,last,"",300
2024-12-15 22:00:00+00,U-sonic  wind firmware version,last,"",145
2024-12-15 22:00:00+00,U-sonic  wind identifier LSB,last,"",540292675
2024-12-15 22:00:00+00,U-sonic  wind identifier middle,last,"",1261522965
2024-12-15 22:00:00+00,U-sonic  wind identifier MSB,last,"",2687065
2024-12-15 22:00:00+00,EAG Soil moisture,avg,%,52.2
2024-12-15 22:00:00+00,Volumetric Ionic Content,avg,VIC,2370.806
2024-12-15 22:00:00+00,Soil temperature,avg,°C,15.5
2024-12-15 22:00:00+00,Soil temperature,max,°C,15.5
2024-12-15 22:00:00+00,Soil temperature,min,°C,15.5
2024-12-15 03:00:00+00,EAG Soil moisture,avg,%,52.2
2024-12-15 03:00:00+00,Volumetric Ionic Content,avg,VIC,2471.8246
2024-12-15 06:00:00+00,Battery,last,mV,6494
2024-12-15 08:00:00+00,HC Serial Number,last,"",20734861
2024-12-15 08:00:00+00,HC Air temperature,avg,°C,13.44
2024-12-15 08:00:00+00,HC Air temperature,max,°C,14.76
2024-12-15 08:00:00+00,HC Air temperature,min,°C,11.88
2024-12-15 08:00:00+00,HC Relative humidity,avg,%,90.74
2024-12-15 08:00:00+00,HC Relative humidity,max,%,99.17
2024-12-15 08:00:00+00,HC Relative humidity,min,%,83.31
2024-12-15 08:00:00+00,Dew Point,avg,°C,11.9
2024-12-15 08:00:00+00,Dew Point,min,°C,11.5
2024-12-15 08:00:00+00,VPD,avg,mbar,1.4
2024-12-15 08:00:00+00,VPD,min,mbar,0.1
2024-12-15 08:00:00+00,DeltaT,avg,°C,1
2024-12-15 08:00:00+00,DeltaT,max,°C,2
2024-12-15 08:00:00+00,DeltaT,min,°C,0
2024-12-15 08:00:00+00,Sunshine duration,time,"",55
2024-12-15 08:00:00+00,U-sonic wind speed,avg,m/s,1.1
2024-12-15 08:00:00+00,U-sonic wind speed,max,m/s,1.4
2024-12-15 08:00:00+00,U-sonic wind dir,last,deg,209
2024-12-15 08:00:00+00,Wind gust,max,m/s,2.5
2024-12-15 08:00:00+00,U-sonic  wind hardware version,last,"",300
2024-12-15 08:00:00+00,U-sonic  wind firmware version,last,"",145
2024-12-15 08:00:00+00,U-sonic  wind identifier LSB,last,"",540292675
2024-12-15 08:00:00+00,U-sonic  wind identifier middle,last,"",1261522965
2024-12-15 00:00:00+00,Solar radiation,avg,W/m2,0
2024-12-15 00:00:00+00,Solar Panel,last,mV,0
2024-12-15 00:00:00+00,Precipitation,sum,mm,0
2024-12-15 00:00:00+00,Battery,last,mV,6553
2024-12-15 00:00:00+00,HC Serial Number,last,"",20734861
2024-12-15 00:00:00+00,HC Air temperature,avg,°C,13.58
2024-12-15 00:00:00+00,HC Air temperature,max,°C,13.77
2024-12-15 00:00:00+00,HC Air temperature,min,°C,13.3
2024-12-15 00:00:00+00,HC Relative humidity,avg,%,89.62
2024-12-15 00:00:00+00,HC Relative humidity,max,%,91.04
2024-12-15 00:00:00+00,HC Relative humidity,min,%,88.31
2024-12-15 00:00:00+00,Dew Point,avg,°C,11.9
2024-12-15 00:00:00+00,Dew Point,min,°C,11.6
2024-12-15 00:00:00+00,VPD,avg,mbar,1.6
2024-12-15 00:00:00+00,VPD,min,mbar,1.4
2024-12-15 00:00:00+00,DeltaT,avg,°C,1
2024-12-15 00:00:00+00,DeltaT,max,°C,1
2024-12-15 00:00:00+00,DeltaT,min,°C,1
2024-12-15 00:00:00+00,Sunshine duration,time,"",0
2024-12-15 00:00:00+00,U-sonic wind speed,avg,m/s,1.7
2024-12-15 00:00:00+00,U-sonic wind speed,max,m/s,2
2024-12-15 00:00:00+00,U-sonic wind dir,last,deg,228
2024-12-15 00:00:00+00,Wind gust,max,m/s,2.9
2024-12-15 00:00:00+00,U-sonic  wind hardware version,last,"",300
2024-12-15 00:00:00+00,U-sonic  wind firmware version,last,"",145
2024-12-15 00:00:00+00,U-sonic  wind identifier LSB,last,"",540292675
2024-12-15 00:00:00+00,U-sonic  wind identifier middle,last,"",1261522965
2024-12-15 00:00:00+00,U-sonic  wind identifier MSB,last,"",2687065
2024-12-15 00:00:00+00,EAG Soil moisture,avg,%,52.2
2024-12-15 00:00:00+00,Volumetric Ionic Content,avg,VIC,2292.5237
2024-12-15 00:00:00+00,Soil temperature,avg,°C,15.5
2024-12-15 00:00:00+00,Soil temperature,max,°C,15.6
2024-12-15 00:00:00+00,Soil temperature,min,°C,15.4
2024-12-15 01:00:00+00,Solar radiation,avg,W/m2,0
2024-12-15 01:00:00+00,Solar Panel,last,mV,0
2024-12-15 01:00:00+00,Precipitation,sum,mm,0
2024-12-15 01:00:00+00,Battery,last,mV,6551
2024-12-15 01:00:00+00,HC Serial Number,last,"",20734861
2024-12-15 01:00:00+00,HC Air temperature,avg,°C,13.55
2024-12-15 01:00:00+00,HC Air temperature,max,°C,13.64
2024-12-15 01:00:00+00,HC Air temperature,min,°C,13.44
2024-12-15 01:00:00+00,HC Relative humidity,avg,%,87.07
2024-12-15 01:00:00+00,HC Relative humidity,max,%,88.64
2024-12-15 01:00:00+00,HC Relative humidity,min,%,85.86
2024-12-15 01:00:00+00,Dew Point,avg,°C,11.4
2024-12-15 01:00:00+00,Dew Point,min,°C,11.2
2024-12-15 01:00:00+00,VPD,avg,mbar,2
2024-12-15 01:00:00+00,VPD,min,mbar,1.7
2024-12-15 01:00:00+00,DeltaT,avg,°C,1
2024-12-15 01:00:00+00,DeltaT,max,°C,1
2024-12-15 01:00:00+00,DeltaT,min,°C,1
2024-12-15 01:00:00+00,Sunshine duration,time,"",0
2024-12-15 01:00:00+00,U-sonic wind speed,avg,m/s,1.8
2024-12-15 01:00:00+00,EAG Soil moisture,avg,%,52.19
2024-12-15 01:00:00+00,Volumetric Ionic Content,avg,VIC,2292.5237
2024-12-15 01:00:00+00,Soil temperature,avg,°C,15.5
2024-12-15 01:00:00+00,Soil temperature,max,°C,15.6
2024-12-15 01:00:00+00,Soil temperature,min,°C,15.4
2024-12-15 02:00:00+00,Solar radiation,avg,W/m2,0
2024-12-15 02:00:00+00,Solar Panel,last,mV,0
2024-12-15 02:00:00+00,Precipitation,sum,mm,4
2024-12-15 02:00:00+00,Battery,last,mV,6536
2024-12-15 02:00:00+00,HC Serial Number,last,"",20734861
2024-12-15 02:00:00+00,HC Air temperature,avg,°C,13.1
2024-12-15 02:00:00+00,HC Air temperature,max,°C,13.56
2024-12-15 02:00:00+00,HC Air temperature,min,°C,12.66
2024-12-15 02:00:00+00,HC Relative humidity,avg,%,94.72
2024-12-15 02:00:00+00,HC Relative humidity,max,%,97.98
2024-12-15 02:00:00+00,HC Relative humidity,min,%,87.38
2024-12-15 02:00:00+00,Dew Point,avg,°C,12.2
2024-12-15 02:00:00+00,Dew Point,min,°C,11.5
2024-12-15 02:00:00+00,Soil temperature,avg,°C,15.5
2024-12-15 02:00:00+00,Soil temperature,max,°C,15.6
2024-12-15 02:00:00+00,Soil temperature,min,°C,15.4
2024-12-15 03:00:00+00,Solar radiation,avg,W/m2,0
2024-12-15 03:00:00+00,Solar Panel,last,mV,0
2024-12-15 03:00:00+00,Precipitation,sum,mm,1
2024-12-15 03:00:00+00,Battery,last,mV,6525
2024-12-15 03:00:00+00,HC Serial Number,last,"",20734861
2024-12-15 03:00:00+00,HC Air temperature,avg,°C,12.62
2024-12-15 03:00:00+00,HC Air temperature,max,°C,12.72
2024-12-15 03:00:00+00,HC Air temperature,min,°C,12.53
2024-12-15 03:00:00+00,HC Relative humidity,avg,%,96.12
2024-12-15 03:00:00+00,HC Relative humidity,max,%,96.92
2024-12-15 03:00:00+00,HC Relative humidity,min,%,95.32
2024-12-15 03:00:00+00,Dew Point,avg,°C,12
2024-12-15 03:00:00+00,Dew Point,min,°C,11.8
2024-12-15 03:00:00+00,VPD,avg,mbar,0.5
2024-12-15 03:00:00+00,VPD,min,mbar,0.4
2024-12-15 03:00:00+00,DeltaT,avg,°C,0
2024-12-15 03:00:00+00,DeltaT,max,°C,0
2024-12-15 03:00:00+00,DeltaT,min,°C,0
2024-12-15 03:00:00+00,Sunshine duration,time,"",0
2024-12-15 03:00:00+00,U-sonic wind speed,avg,m/s,1.8
2024-12-15 03:00:00+00,U-sonic wind speed,max,m/s,3.6
2024-12-15 03:00:00+00,U-sonic wind dir,last,deg,207
2024-12-15 03:00:00+00,Wind gust,max,m/s,5.3
2024-12-15 03:00:00+00,U-sonic  wind hardware version,last,"",300
2024-12-15 03:00:00+00,U-sonic  wind firmware version,last,"",145
2024-12-15 03:00:00+00,U-sonic  wind identifier LSB,last,"",540292675
2024-12-15 03:00:00+00,U-sonic  wind identifier middle,last,"",1261522965
2024-12-15 03:00:00+00,U-sonic  wind identifier MSB,last,"",2687065
2024-12-15 04:00:00+00,Battery,last,mV,6516
2024-12-15 04:00:00+00,HC Serial Number,last,"",20734861
2024-12-15 04:00:00+00,HC Air temperature,avg,°C,12.64
2024-12-15 04:00:00+00,HC Air temperature,max,°C,12.91
2024-12-15 04:00:00+00,HC Air temperature,min,°C,12.26
2024-12-15 04:00:00+00,HC Relative humidity,avg,%,95.69
2024-12-15 04:00:00+00,HC Relative humidity,max,%,97.98
2024-12-15 04:00:00+00,HC Relative humidity,min,%,92.65
2024-12-15 04:00:00+00,Dew Point,avg,°C,11.9
2024-12-15 04:00:00+00,Dew Point,min,°C,11.3
2024-12-15 04:00:00+00,VPD,avg,mbar,0.6
2024-12-15 04:00:00+00,VPD,min,mbar,0.2
2024-12-15 04:00:00+00,DeltaT,avg,°C,0
2024-12-15 04:00:00+00,DeltaT,max,°C,1
2024-12-15 04:00:00+00,DeltaT,min,°C,0
2024-12-15 04:00:00+00,Sunshine duration,time,"",0
2024-12-15 04:00:00+00,U-sonic wind speed,avg,m/s,1.7
2024-12-15 04:00:00+00,U-sonic wind speed,max,m/s,2.8
2024-12-15 04:00:00+00,U-sonic wind dir,last,deg,217
2024-12-15 04:00:00+00,Wind gust,max,m/s,4.6
2024-12-15 04:00:00+00,U-sonic  wind hardware version,last,"",300
2024-12-15 04:00:00+00,U-sonic  wind firmware version,last,"",145
2024-12-15 04:00:00+00,U-sonic  wind identifier LSB,last,"",540292675
2024-12-15 04:00:00+00,U-sonic  wind identifier middle,last,"",1261522965
2024-12-15 04:00:00+00,U-sonic  wind identifier MSB,last,"",2687065
2024-12-15 04:00:00+00,EAG Soil moisture,avg,%,52.2
2024-12-15 04:00:00+00,Volumetric Ionic Content,avg,VIC,2453.6932
2024-12-15 05:00:00+00,HC Relative humidity,max,%,100
2024-12-15 05:00:00+00,HC Relative humidity,min,%,96.07
2024-12-15 05:00:00+00,Dew Point,avg,°C,11.5
2024-12-15 05:00:00+00,Dew Point,min,°C,11.2
2024-12-15 05:00:00+00,VPD,avg,mbar,0.2
2024-12-15 05:00:00+00,VPD,min,mbar,0
2024-12-15 05:00:00+00,DeltaT,avg,°C,0
2024-12-15 05:00:00+00,DeltaT,max,°C,0
2024-12-15 05:00:00+00,DeltaT,min,°C,0
2024-12-15 05:00:00+00,Sunshine duration,time,"",0
2024-12-15 05:00:00+00,U-sonic wind speed,avg,m/s,0.8
2024-12-15 05:00:00+00,U-sonic wind speed,max,m/s,1.4
2024-12-15 05:00:00+00,U-sonic wind dir,last,deg,248
2024-12-15 05:00:00+00,Wind gust,max,m/s,2.4
2024-12-15 05:00:00+00,U-sonic  wind hardware version,last,"",300
2024-12-15 05:00:00+00,U-sonic  wind firmware version,last,"",145
2024-12-15 05:00:00+00,U-sonic  wind identifier LSB,last,"",540292675
2024-12-15 05:00:00+00,U-sonic  wind identifier middle,last,"",1261522965
2024-12-15 05:00:00+00,U-sonic  wind identifier MSB,last,"",2687065
2024-12-15 05:00:00+00,EAG Soil moisture,avg,%,52.19
2024-12-15 05:00:00+00,Volumetric Ionic Content,avg,VIC,2473.9669
2024-12-15 05:00:00+00,Soil temperature,avg,°C,15.5
2024-12-15 05:00:00+00,Soil temperature,max,°C,15.6
2024-12-15 05:00:00+00,Soil temperature,min,°C,15.4
2024-12-15 06:00:00+00,Solar radiation,avg,W/m2,0
2024-12-15 06:00:00+00,Solar Panel,last,mV,3278
2024-12-15 06:00:00+00,Precipitation,sum,mm,1.6
2024-12-15 06:00:00+00,HC Air temperature,min,°C,11.53
2024-12-15 06:00:00+00,HC Relative humidity,avg,%,99.24
2024-12-15 06:00:00+00,HC Relative humidity,max,%,99.99
2024-12-15 06:00:00+00,HC Relative humidity,min,%,98.59
2024-12-15 06:00:00+00,Dew Point,avg,°C,11.4
2024-12-15 06:00:00+00,Dew Point,min,°C,11.4
2024-12-15 06:00:00+00,VPD,min,mbar,0
2024-12-15 06:00:00+00,DeltaT,avg,°C,0
2024-12-15 06:00:00+00,DeltaT,max,°C,0
2024-12-15 06:00:00+00,DeltaT,min,°C,0
2024-12-15 06:00:00+00,Sunshine duration,time,"",0
2024-12-15 06:00:00+00,U-sonic wind speed,avg,m/s,1.3
2024-12-15 06:00:00+00,U-sonic wind speed,max,m/s,2
2024-12-15 06:00:00+00,U-sonic wind dir,last,deg,212
2024-12-15 06:00:00+00,Wind gust,max,m/s,3.4
2024-12-15 06:00:00+00,U-sonic  wind hardware version,last,"",300
2024-12-15 06:00:00+00,U-sonic  wind firmware version,last,"",145
2024-12-15 06:00:00+00,U-sonic  wind identifier LSB,last,"",540292675
2024-12-15 06:00:00+00,U-sonic  wind identifier middle,last,"",1261522965
2024-12-15 06:00:00+00,U-sonic  wind identifier MSB,last,"",2687065
2024-12-15 06:00:00+00,EAG Soil moisture,avg,%,52.19
2024-12-15 06:00:00+00,Volumetric Ionic Content,avg,VIC,2485.4703
2024-12-15 06:00:00+00,Soil temperature,avg,°C,15.5
2024-12-15 06:00:00+00,Soil temperature,max,°C,15.5
2024-12-15 06:00:00+00,Soil temperature,min,°C,15.4
2024-12-15 07:00:00+00,Solar radiation,avg,W/m2,29
2024-12-15 07:00:00+00,Solar Panel,last,mV,6839
2024-12-15 07:00:00+00,Precipitation,sum,mm,0
2024-12-15 07:00:00+00,Battery,last,mV,6616
2024-12-15 07:00:00+00,HC Serial Number,last,"",20734861
2024-12-15 07:00:00+00,HC Air temperature,avg,°C,11.91
2024-12-15 07:00:00+00,HC Air temperature,max,°C,12.07
2024-12-15 07:00:00+00,HC Air temperature,min,°C,11.69
2024-12-15 07:00:00+00,HC Relative humidity,avg,%,97.62
2024-12-15 07:00:00+00,HC Relative humidity,max,%,98.94
2024-12-15 07:00:00+00,HC Relative humidity,min,%,96.98
2024-12-15 07:00:00+00,Dew Point,avg,°C,11.5
2024-12-15 07:00:00+00,Dew Point,min,°C,11.4
2024-12-15 07:00:00+00,VPD,avg,mbar,0.3
2024-12-15 07:00:00+00,VPD,min,mbar,0.1
2024-12-15 07:00:00+00,DeltaT,avg,°C,0
2024-12-15 07:00:00+00,DeltaT,max,°C,0
2024-12-15 07:00:00+00,DeltaT,min,°C,0
2024-12-15 07:00:00+00,Sunshine duration,time,"",0
2024-12-15 07:00:00+00,U-sonic wind speed,avg,m/s,1
2024-12-15 07:00:00+00,U-sonic wind speed,max,m/s,1.3
2024-12-15 07:00:00+00,U-sonic wind dir,last,deg,264
2024-12-15 07:00:00+00,Wind gust,max,m/s,2.1
2024-12-15 07:00:00+00,U-sonic  wind hardware version,last,"",300
2024-12-15 07:00:00+00,U-sonic  wind firmware version,last,"",145
2024-12-15 07:00:00+00,U-sonic  wind identifier LSB,last,"",540292675
2024-12-15 07:00:00+00,U-sonic  wind identifier middle,last,"",1261522965
2024-12-15 07:00:00+00,U-sonic  wind identifier MSB,last,"",2687065
2024-12-15 07:00:00+00,Soil temperature,avg,°C,15.5
2024-12-15 07:00:00+00,Soil temperature,max,°C,15.6
2024-12-15 07:00:00+00,Soil temperature,min,°C,15.4
2024-12-15 08:00:00+00,Solar radiation,avg,W/m2,310
2024-12-15 08:00:00+00,Solar Panel,last,mV,10218
2024-12-15 08:00:00+00,Precipitation,sum,mm,0
2024-12-15 08:00:00+00,Battery,last,mV,6872
2024-12-15 08:00:00+00,Soil temperature,avg,°C,15.5
2024-12-15 08:00:00+00,Soil temperature,max,°C,15.6
2024-12-15 08:00:00+00,Soil temperature,min,°C,15.4
2024-12-15 09:00:00+00,Solar radiation,avg,W/m2,148
2024-12-15 09:00:00+00,Solar Panel,last,mV,7084
2024-12-15 09:00:00+00,Precipitation,sum,mm,1.2
2024-12-15 09:00:00+00,Battery,last,mV,6841
2024-12-15 09:00:00+00,HC Serial Number,last,"",20734861
2024-12-15 09:00:00+00,HC Air temperature,avg,°C,13.29
2024-12-15 09:00:00+00,HC Air temperature,max,°C,15.32
2024-12-15 09:00:00+00,HC Air temperature,min,°C,11.89
2024-12-15 09:00:00+00,HC Relative humidity,avg,%,85.69
2024-12-15 09:00:00+00,HC Relative humidity,max,%,91.44
2024-12-15 09:00:00+00,HC Relative humidity,min,%,75.34
2024-12-15 09:00:00+00,Dew Point,avg,°C,10.8
2024-12-15 09:00:00+00,Dew Point,min,°C,10.1
2024-12-15 09:00:00+00,VPD,avg,mbar,2.2
2024-12-15 09:00:00+00,VPD,min,mbar,1.2
2024-12-15 09:00:00+00,DeltaT,avg,°C,1
2024-12-15 09:00:00+00,DeltaT,max,°C,3
2024-12-15 09:00:00+00,DeltaT,min,°C,1
2024-12-15 09:00:00+00,Sunshine duration,time,"",20
2024-12-15 09:00:00+00,U-sonic wind speed,avg,m/s,2.8
2024-12-15 09:00:00+00,U-sonic wind speed,max,m/s,4.9
2024-12-15 09:00:00+00,U-sonic wind dir,last,deg,249
2024-12-15 09:00:00+00,Wind gust,max,m/s,7.5
2024-12-15 09:00:00+00,U-sonic  wind hardware version,last,"",300
2024-12-15 09:00:00+00,U-sonic  wind firmware version,last,"",145
2024-12-15 09:00:00+00,U-sonic  wind identifier LSB,last,"",540292675
2024-12-15 09:00:00+00,U-sonic  wind identifier middle,last,"",1261522965
2024-12-15 09:00:00+00,U-sonic  wind identifier MSB,last,"",2687065
2024-12-15 09:00:00+00,EAG Soil moisture,avg,%,52.19
2024-12-15 09:00:00+00,Volumetric Ionic Content,avg,VIC,2420.1834
2024-12-15 09:00:00+00,Soil temperature,avg,°C,15.5
2024-12-15 09:00:00+00,Soil temperature,max,°C,15.6
2024-12-15 09:00:00+00,Soil temperature,min,°C,15.5
2024-12-15 10:00:00+00,Solar radiation,avg,W/m2,522
2024-12-15 10:00:00+00,Solar Panel,last,mV,9797
2024-12-15 10:00:00+00,Precipitation,sum,mm,0.2
2024-12-15 10:00:00+00,HC Serial Number,last,"",20734861
2024-12-15 10:00:00+00,HC Air temperature,avg,°C,13.54
2024-12-15 10:00:00+00,HC Air temperature,max,°C,14.78
2024-12-15 10:00:00+00,HC Air temperature,min,°C,12.12
2024-12-15 10:00:00+00,HC Relative humidity,avg,%,81.64
2024-12-15 10:00:00+00,HC Relative humidity,max,%,89.49
2024-12-15 10:00:00+00,HC Relative humidity,min,%,74.98
2024-12-15 10:00:00+00,Dew Point,avg,°C,10.4
2024-12-15 10:00:00+00,Dew Point,min,°C,9.9
2024-12-15 10:00:00+00,VPD,avg,mbar,2.8
2024-12-15 10:00:00+00,VPD,min,mbar,1.4
2024-12-15 10:00:00+00,DeltaT,avg,°C,2
2024-12-15 10:00:00+00,DeltaT,max,°C,3
2024-12-15 10:00:00+00,DeltaT,min,°C,1
2024-12-15 10:00:00+00,Sunshine duration,time,"",55
2024-12-15 10:00:00+00,U-sonic wind speed,avg,m/s,1.6
2024-12-15 10:00:00+00,U-sonic wind speed,max,m/s,3.4
2024-12-15 10:00:00+00,U-sonic wind dir,last,deg,274
2024-12-15 10:00:00+00,Wind gust,max,m/s,5.7
2024-12-15 10:00:00+00,U-sonic  wind hardware version,last,"",300
2024-12-15 10:00:00+00,U-sonic  wind firmware version,last,"",145
2024-12-15 10:00:00+00,U-sonic  wind identifier LSB,last,"",540292675
2024-12-15 10:00:00+00,U-sonic  wind identifier middle,last,"",1261522965
2024-12-15 10:00:00+00,U-sonic  wind identifier MSB,last,"",2687065
2024-12-15 10:00:00+00,EAG Soil moisture,avg,%,52.19
2024-12-15 10:00:00+00,Volumetric Ionic Content,avg,VIC,2384.8666
2024-12-15 10:00:00+00,Soil temperature,avg,°C,15.5
2024-12-15 10:00:00+00,Soil temperature,max,°C,15.5
2024-12-15 10:00:00+00,Soil temperature,min,°C,15.5
2024-12-15 11:00:00+00,Solar radiation,avg,W/m2,52
2024-12-15 11:00:00+00,Solar Panel,last,mV,7069
2024-12-15 11:00:00+00,Precipitation,sum,mm,1.6
2024-12-15 11:00:00+00,Battery,last,mV,6830
2024-12-15 11:00:00+00,HC Serial Number,last,"",20734861
2024-12-15 11:00:00+00,HC Air temperature,avg,°C,11.97
2024-12-15 11:00:00+00,HC Air temperature,max,°C,13.02
2024-12-15 11:00:00+00,HC Air temperature,min,°C,11.48
2024-12-15 11:00:00+00,HC Relative humidity,avg,%,91.63
2024-12-15 11:00:00+00,HC Relative humidity,max,%,95.37
2024-12-15 11:00:00+00,HC Relative humidity,min,%,88.91
2024-12-15 11:00:00+00,Dew Point,avg,°C,10.6
2024-12-15 11:00:00+00,Dew Point,min,°C,9.7
2024-12-15 11:00:00+00,VPD,avg,mbar,1.1
2024-12-15 11:00:00+00,VPD,min,mbar,0.6
2024-12-15 11:00:00+00,DeltaT,avg,°C,1
2024-12-15 11:00:00+00,DeltaT,max,°C,1
2024-12-15 11:00:00+00,DeltaT,min,°C,0
2024-12-15 11:00:00+00,Sunshine duration,time,"",5
2024-12-15 11:00:00+00,U-sonic wind speed,avg,m/s,1.7
2024-12-15 11:00:00+00,U-sonic wind speed,max,m/s,4.2
2024-12-15 11:00:00+00,U-sonic wind dir,last,deg,168
2024-12-15 11:00:00+00,Wind gust,max,m/s,7.8
2024-12-15 11:00:00+00,U-sonic  wind hardware version,last,"",300
2024-12-15 11:00:00+00,U-sonic  wind firmware version,last,"",145
2024-12-15 11:00:00+00,U-sonic  wind identifier LSB,last,"",540292675
2024-12-15 11:00:00+00,U-sonic  wind identifier middle,last,"",1261522965
2024-12-15 11:00:00+00,U-sonic  wind identifier MSB,last,"",2687065
2024-12-15 11:00:00+00,EAG Soil moisture,avg,%,52.19
2024-12-15 11:00:00+00,Volumetric Ionic Content,avg,VIC,2450.9548
2024-12-15 11:00:00+00,Soil temperature,avg,°C,15.5
2024-12-15 11:00:00+00,Soil temperature,max,°C,15.6
2024-12-15 11:00:00+00,Soil temperature,min,°C,15.5
2024-12-15 12:00:00+00,Solar radiation,avg,W/m2,169
2024-12-15 12:00:00+00,Solar Panel,last,mV,10098
2024-12-15 12:00:00+00,Precipitation,sum,mm,2.2
2024-12-15 12:00:00+00,HC Serial Number,last,"",20734861
2024-12-15 12:00:00+00,HC Air temperature,avg,°C,12.87
2024-12-15 12:00:00+00,HC Air temperature,max,°C,13.74
2024-12-15 12:00:00+00,HC Air temperature,min,°C,12.44
2024-12-15 12:00:00+00,HC Relative humidity,avg,%,92.21
2024-12-15 12:00:00+00,HC Relative humidity,max,%,95.81
2024-12-15 12:00:00+00,HC Relative humidity,min,%,86.98
2024-12-15 12:00:00+00,Dew Point,avg,°C,11.6
2024-12-15 12:00:00+00,Dew Point,min,°C,11.4
2024-12-15 12:00:00+00,VPD,avg,mbar,1.1
2024-12-15 12:00:00+00,VPD,min,mbar,0.6
2024-12-15 12:00:00+00,DeltaT,avg,°C,1
2024-12-15 12:00:00+00,DeltaT,max,°C,1
2024-12-15 12:00:00+00,DeltaT,min,°C,0
2024-12-15 12:00:00+00,Sunshine duration,time,"",30
2024-12-15 12:00:00+00,U-sonic wind speed,avg,m/s,1.7
2024-12-15 12:00:00+00,U-sonic wind speed,max,m/s,2.9
2024-12-15 12:00:00+00,U-sonic wind dir,last,deg,252
2024-12-15 12:00:00+00,Wind gust,max,m/s,3.9
2024-12-15 12:00:00+00,U-sonic  wind hardware version,last,"",300
2024-12-15 12:00:00+00,U-sonic  wind firmware version,last,"",145
2024-12-15 12:00:00+00,U-sonic  wind identifier LSB,last,"",540292675
2024-12-15 12:00:00+00,U-sonic  wind identifier middle,last,"",1261522965
2024-12-15 12:00:00+00,U-sonic  wind identifier MSB,last,"",2687065
2024-12-15 12:00:00+00,EAG Soil moisture,avg,%,52.19
2024-12-15 12:00:00+00,Volumetric Ionic Content,avg,VIC,2436.1458
2024-12-15 12:00:00+00,Soil temperature,avg,°C,15.5
2024-12-15 12:00:00+00,Soil temperature,max,°C,15.6
2024-12-15 12:00:00+00,Soil temperature,min,°C,15.4
2024-12-15 13:00:00+00,Solar radiation,avg,W/m2,197
2024-12-15 13:00:00+00,Solar Panel,last,mV,9993
2024-12-15 13:00:00+00,Precipitation,sum,mm,0.2
2024-12-15 13:00:00+00,Battery,last,mV,6870
2024-12-15 13:00:00+00,HC Serial Number,last,"",20734861
2024-12-15 13:00:00+00,HC Air temperature,avg,°C,13.9
2024-12-15 13:00:00+00,HC Air temperature,max,°C,14.55
2024-12-15 13:00:00+00,HC Air temperature,min,°C,12.99
2024-12-15 13:00:00+00,HC Relative humidity,avg,%,85.37
2024-12-15 13:00:00+00,HC Relative humidity,max,%,90.6
2024-12-15 13:00:00+00,HC Relative humidity,min,%,79.68
2024-12-15 13:00:00+00,Dew Point,avg,°C,11.4
2024-12-15 13:00:00+00,Dew Point,min,°C,10.1
2024-12-15 13:00:00+00,VPD,avg,mbar,2.3
2024-12-15 13:00:00+00,VPD,min,mbar,1.4
2024-12-15 13:00:00+00,DeltaT,avg,°C,1
2024-12-15 13:00:00+00,DeltaT,max,°C,2
2024-12-15 13:00:00+00,DeltaT,min,°C,1
2024-12-15 13:00:00+00,Sunshine duration,time,"",40
2024-12-15 13:00:00+00,U-sonic wind speed,avg,m/s,3.5
2024-12-15 13:00:00+00,U-sonic wind speed,max,m/s,4.1
2024-12-15 13:00:00+00,U-sonic wind dir,last,deg,266
2024-12-15 13:00:00+00,Wind gust,max,m/s,6.8
2024-12-15 13:00:00+00,U-sonic  wind hardware version,last,"",300
2024-12-15 13:00:00+00,U-sonic  wind firmware version,last,"",145
2024-12-15 13:00:00+00,U-sonic  wind identifier LSB,last,"",540292675
2024-12-15 13:00:00+00,U-sonic  wind identifier middle,last,"",1261522965
2024-12-15 13:00:00+00,U-sonic  wind identifier MSB,last,"",2687065
2024-12-15 13:00:00+00,EAG Soil moisture,avg,%,52.19
2024-12-15 13:00:00+00,Volumetric Ionic Content,avg,VIC,2391.6248
2024-12-15 13:00:00+00,Soil temperature,avg,°C,15.5
2024-12-15 13:00:00+00,Soil temperature,max,°C,15.6
2024-12-15 13:00:00+00,Soil temperature,min,°C,15.5
2024-12-15 14:00:00+00,Solar radiation,avg,W/m2,235
2024-12-15 14:00:00+00,Solar Panel,last,mV,9825
2024-12-15 14:00:00+00,Precipitation,sum,mm,0
2024-12-15 14:00:00+00,Battery,last,mV,6867
2024-12-15 14:00:00+00,HC Serial Number,last,"",20734861
2024-12-15 14:00:00+00,HC Air temperature,avg,°C,13.75
2024-12-15 14:00:00+00,HC Air temperature,max,°C,14.5
2024-12-15 14:00:00+00,HC Air temperature,min,°C,13
2024-12-15 14:00:00+00,HC Relative humidity,avg,%,78.44
2024-12-15 14:00:00+00,HC Relative humidity,max,%,81.78
2024-12-15 14:00:00+00,HC Relative humidity,min,%,75.36
2024-12-15 14:00:00+00,Dew Point,avg,°C,10
2024-12-15 14:00:00+00,Dew Point,min,°C,9.6
2024-12-15 14:00:00+00,VPD,avg,mbar,3.4
2024-12-15 14:00:00+00,VPD,min,mbar,2.7
2024-12-15 14:00:00+00,DeltaT,avg,°C,2
2024-12-15 14:00:00+00,DeltaT,max,°C,2
2024-12-15 14:00:00+00,DeltaT,min,°C,2
2024-12-15 14:00:00+00,Sunshine duration,time,"",55
2024-12-15 14:00:00+00,U-sonic wind speed,avg,m/s,3.1
2024-12-15 14:00:00+00,U-sonic wind speed,max,m/s,3.9
2024-12-15 14:00:00+00,U-sonic wind dir,last,deg,286
2024-12-15 14:00:00+00,Wind gust,max,m/s,5.2
2024-12-15 14:00:00+00,U-sonic  wind hardware version,last,"",300
2024-12-15 14:00:00+00,U-sonic  wind firmware version,last,"",145
2024-12-15 14:00:00+00,U-sonic  wind identifier LSB,last,"",540292675
2024-12-15 14:00:00+00,U-sonic  wind identifier middle,last,"",1261522965
2024-12-15 14:00:00+00,U-sonic  wind identifier MSB,last,"",2687065
2024-12-15 14:00:00+00,EAG Soil moisture,avg,%,52.2
2024-12-15 14:00:00+00,Volumetric Ionic Content,avg,VIC,2363.8372
2024-12-15 14:00:00+00,Soil temperature,avg,°C,15.5
2024-12-15 14:00:00+00,Soil temperature,max,°C,15.5
2024-12-15 14:00:00+00,Soil temperature,min,°C,15.4
2024-12-15 15:00:00+00,Solar radiation,avg,W/m2,60
2024-12-15 15:00:00+00,Solar Panel,last,mV,2621
2024-12-15 15:00:00+00,Precipitation,sum,mm,0
2024-12-15 15:00:00+00,Battery,last,mV,6787
2024-12-15 15:00:00+00,HC Serial Number,last,"",20734861
2024-12-15 15:00:00+00,HC Air temperature,avg,°C,13.91
2024-12-15 15:00:00+00,HC Air temperature,max,°C,14.54
2024-12-15 15:00:00+00,Dew Point,min,°C,8.7
2024-12-15 15:00:00+00,VPD,avg,mbar,4.1
2024-12-15 15:00:00+00,VPD,min,mbar,3.6
2024-12-15 15:00:00+00,DeltaT,avg,°C,3
2024-12-15 15:00:00+00,DeltaT,max,°C,3
2024-12-15 15:00:00+00,DeltaT,min,°C,2
2024-12-15 15:00:00+00,Sunshine duration,time,"",15
2024-12-15 15:00:00+00,U-sonic wind speed,avg,m/s,2.9
2024-12-15 15:00:00+00,U-sonic wind speed,max,m/s,3.7
2024-12-15 15:00:00+00,U-sonic wind dir,last,deg,286
2024-12-15 15:00:00+00,Wind gust,max,m/s,5.7
2024-12-15 15:00:00+00,U-sonic  wind hardware version,last,"",300
2024-12-15 15:00:00+00,U-sonic  wind firmware version,last,"",145
2024-12-15 15:00:00+00,U-sonic  wind identifier LSB,last,"",540292675
2024-12-15 15:00:00+00,U-sonic  wind identifier middle,last,"",1261522965
2024-12-15 15:00:00+00,U-sonic  wind identifier MSB,last,"",2687065
2024-12-15 15:00:00+00,EAG Soil moisture,avg,%,52.19
2024-12-15 15:00:00+00,Volumetric Ionic Content,avg,VIC,2350.0338
2024-12-15 15:00:00+00,Soil temperature,avg,°C,15.5
2024-12-15 15:00:00+00,Soil temperature,max,°C,15.6
2024-12-15 15:00:00+00,Soil temperature,min,°C,15.4
2024-12-15 16:00:00+00,Solar radiation,avg,W/m2,0
2024-12-15 16:00:00+00,Solar Panel,last,mV,0
2024-12-15 16:00:00+00,Precipitation,sum,mm,0
2024-12-15 16:00:00+00,Battery,last,mV,6639
2024-12-15 16:00:00+00,HC Serial Number,last,"",20734861
2024-12-15 16:00:00+00,HC Air temperature,avg,°C,13.42
2024-12-15 16:00:00+00,HC Air temperature,max,°C,13.68
2024-12-15 16:00:00+00,HC Air temperature,min,°C,12.89
2024-12-15 16:00:00+00,HC Relative humidity,avg,%,70.56
2024-12-15 16:00:00+00,HC Relative humidity,max,%,76.68
2024-12-15 16:00:00+00,HC Relative humidity,min,%,64.1
2024-12-15 16:00:00+00,Dew Point,avg,°C,8.1
2024-12-15 16:00:00+00,Dew Point,min,°C,6.8
2024-12-15 16:00:00+00,VPD,avg,mbar,4.5
2024-12-15 16:00:00+00,VPD,min,mbar,3.5
2024-12-15 16:00:00+00,DeltaT,avg,°C,3
2024-12-15 16:00:00+00,DeltaT,max,°C,4
2024-12-15 16:00:00+00,DeltaT,min,°C,2
2024-12-15 16:00:00+00,Sunshine duration,time,"",0
2024-12-15 16:00:00+00,U-sonic wind speed,avg,m/s,2.6
2024-12-15 16:00:00+00,U-sonic wind speed,max,m/s,3.2
2024-12-15 16:00:00+00,U-sonic wind dir,last,deg,277
2024-12-15 16:00:00+00,Wind gust,max,m/s,5.6
2024-12-15 16:00:00+00,U-sonic  wind hardware version,last,"",300
2024-12-15 16:00:00+00,U-sonic  wind firmware version,last,"",145
2024-12-15 16:00:00+00,U-sonic  wind identifier LSB,last,"",540292675
2024-12-15 16:00:00+00,U-sonic  wind identifier middle,last,"",1261522965
2024-12-15 16:00:00+00,U-sonic  wind identifier MSB,last,"",2687065
2024-12-15 16:00:00+00,Volumetric Ionic Content,avg,VIC,2344.3845
2024-12-15 16:00:00+00,Soil temperature,avg,°C,15.5
2024-12-15 16:00:00+00,Soil temperature,max,°C,15.6
2024-12-15 16:00:00+00,Soil temperature,min,°C,15.5
2024-12-15 17:00:00+00,Solar radiation,avg,W/m2,0
2024-12-15 17:00:00+00,Solar Panel,last,mV,0
2024-12-15 17:00:00+00,Precipitation,sum,mm,0
2024-12-15 17:00:00+00,Battery,last,mV,6602
2024-12-15 17:00:00+00,HC Serial Number,last,"",20734861
2024-12-15 17:00:00+00,HC Air temperature,avg,°C,12.85
2024-12-15 17:00:00+00,HC Air temperature,max,°C,13.14
2024-12-15 17:00:00+00,HC Air temperature,min,°C,12.6
2024-12-15 17:00:00+00,HC Relative humidity,avg,%,69.96
2024-12-15 17:00:00+00,HC Relative humidity,max,%,74.59
2024-12-15 17:00:00+00,HC Relative humidity,min,%,66.32
2024-12-15 17:00:00+00,Dew Point,avg,°C,7.5
2024-12-15 17:00:00+00,Dew Point,min,°C,6.7
2024-12-15 17:00:00+00,VPD,avg,mbar,4.4
2024-12-15 17:00:00+00,VPD,min,mbar,3.7
2024-12-15 17:00:00+00,DeltaT,avg,°C,3
2024-12-15 17:00:00+00,DeltaT,max,°C,3
2024-12-15 17:00:00+00,DeltaT,min,°C,2
2024-12-15 17:00:00+00,Sunshine duration,time,"",0
2024-12-15 17:00:00+00,U-sonic wind speed,avg,m/s,2.3
2024-12-15 17:00:00+00,U-sonic wind speed,max,m/s,3.3
2024-12-15 17:00:00+00,U-sonic wind dir,last,deg,299
2024-12-15 17:00:00+00,Wind gust,max,m/s,5.5
2024-12-15 17:00:00+00,U-sonic  wind hardware version,last,"",300
2024-12-15 17:00:00+00,U-sonic  wind firmware version,last,"",145
2024-12-15 17:00:00+00,U-sonic  wind identifier LSB,last,"",540292675
2024-12-15 17:00:00+00,U-sonic  wind identifier middle,last,"",1261522965
2024-12-15 17:00:00+00,U-sonic  wind identifier MSB,last,"",2687065
2024-12-15 17:00:00+00,EAG Soil moisture,avg,%,52.2
2024-12-15 17:00:00+00,Volumetric Ionic Content,avg,VIC,2340.928
2024-12-15 17:00:00+00,Soil temperature,avg,°C,15.5
2024-12-15 17:00:00+00,Soil temperature,max,°C,15.6
2024-12-15 17:00:00+00,Soil temperature,min,°C,15.5
2024-12-15 18:00:00+00,Solar radiation,avg,W/m2,0
2024-12-15 18:00:00+00,Solar Panel,last,mV,0
2024-12-15 18:00:00+00,Precipitation,sum,mm,0
2024-12-15 18:00:00+00,Battery,last,mV,6588
2024-12-15 18:00:00+00,HC Serial Number,last,"",20734861
2024-12-15 18:00:00+00,HC Air temperature,avg,°C,13.1
2024-12-15 18:00:00+00,HC Air temperature,max,°C,13.34
2024-12-15 18:00:00+00,HC Air temperature,min,°C,12.84
2024-12-15 18:00:00+00,HC Relative humidity,avg,%,64.53
2024-12-15 18:00:00+00,HC Relative humidity,max,%,69.04
2024-12-15 18:00:00+00,HC Relative humidity,min,%,61.83
2024-12-15 18:00:00+00,Dew Point,avg,°C,6.5
2024-12-15 18:00:00+00,Dew Point,min,°C,6.1
2024-12-15 18:00:00+00,VPD,avg,mbar,5.3
2024-12-15 18:00:00+00,VPD,min,mbar,4.5
2024-12-15 18:00:00+00,DeltaT,avg,°C,3
2024-12-15 18:00:00+00,DeltaT,max,°C,4
2024-12-15 18:00:00+00,DeltaT,min,°C,3
2024-12-15 18:00:00+00,Sunshine duration,time,"",0
2024-12-15 18:00:00+00,U-sonic wind speed,avg,m/s,3.5
2024-12-15 18:00:00+00,U-sonic wind speed,max,m/s,3.9
2024-12-15 18:00:00+00,U-sonic wind dir,last,deg,287
2024-12-15 18:00:00+00,Wind gust,max,m/s,6.2
2024-12-15 18:00:00+00,U-sonic  wind hardware version,last,"",300
2024-12-15 18:00:00+00,U-sonic  wind firmware version,last,"",145
2024-12-15 18:00:00+00,U-sonic  wind identifier LSB,last,"",540292675
2024-12-15 18:00:00+00,U-sonic  wind identifier middle,last,"",1261522965
2024-12-15 18:00:00+00,U-sonic  wind identifier MSB,last,"",2687065
2024-12-15 18:00:00+00,EAG Soil moisture,avg,%,52.21
2024-12-15 18:00:00+00,Volumetric Ionic Content,avg,VIC,2337.9153
2024-12-15 18:00:00+00,Soil temperature,avg,°C,15.5
2024-12-15 18:00:00+00,Soil temperature,max,°C,15.6
2024-12-15 18:00:00+00,Soil temperature,min,°C,15.4
2024-12-15 19:00:00+00,Solar radiation,avg,W/m2,0
2024-12-15 19:00:00+00,Solar Panel,last,mV,0
2024-12-15 19:00:00+00,Precipitation,sum,mm,1.2
2024-12-15 19:00:00+00,Battery,last,mV,6582
2024-12-15 19:00:00+00,HC Serial Number,last,"",20734861
2024-12-15 19:00:00+00,HC Air temperature,avg,°C,12.19
2024-12-15 19:00:00+00,HC Air temperature,max,°C,13.07
2024-12-15 19:00:00+00,HC Air temperature,min,°C,11.59
2024-12-15 19:00:00+00,HC Relative humidity,avg,%,80.53
2024-12-15 19:00:00+00,HC Relative humidity,max,%,90
2024-12-15 19:00:00+00,HC Relative humidity,min,%,67.2
2024-12-15 19:00:00+00,Dew Point,avg,°C,8.8
2024-12-15 19:00:00+00,Dew Point,min,°C,7.1
2024-12-15 19:00:00+00,VPD,avg,mbar,2.8
2024-12-15 19:00:00+00,VPD,min,mbar,1.3
2024-12-15 19:00:00+00,DeltaT,avg,°C,2
2024-12-15 19:00:00+00,DeltaT,max,°C,3
2024-12-15 19:00:00+00,DeltaT,min,°C,1
2024-12-15 19:00:00+00,Sunshine duration,time,"",0
2024-12-15 19:00:00+00,U-sonic wind speed,avg,m/s,3.4
2024-12-15 19:00:00+00,U-sonic wind speed,max,m/s,5.2
2024-12-15 19:00:00+00,U-sonic wind dir,last,deg,302
2024-12-15 19:00:00+00,Wind gust,max,m/s,7.4
2024-12-15 19:00:00+00,U-sonic  wind hardware version,last,"",300
2024-12-15 19:00:00+00,U-sonic  wind firmware version,last,"",145
2024-12-15 19:00:00+00,U-sonic  wind identifier LSB,last,"",540292675
2024-12-15 19:00:00+00,U-sonic  wind identifier middle,last,"",1261522965
2024-12-15 19:00:00+00,U-sonic  wind identifier MSB,last,"",2687065
2024-12-15 19:00:00+00,EAG Soil moisture,avg,%,52.22
2024-12-15 19:00:00+00,Volumetric Ionic Content,avg,VIC,2448.3065
2024-12-15 19:00:00+00,Soil temperature,avg,°C,15.5
2024-12-15 19:00:00+00,Soil temperature,max,°C,15.6
2024-12-15 19:00:00+00,Soil temperature,min,°C,15.4
2024-12-15 20:00:00+00,Solar radiation,avg,W/m2,0
2024-12-15 20:00:00+00,Solar Panel,last,mV,0
2024-12-15 20:00:00+00,Precipitation,sum,mm,0
2024-12-15 20:00:00+00,Battery,last,mV,6565
2024-12-15 20:00:00+00,HC Serial Number,last,"",20734861
2024-12-15 20:00:00+00,HC Air temperature,avg,°C,12.52
2024-12-15 20:00:00+00,HC Air temperature,max,°C,12.95
2024-12-15 20:00:00+00,HC Air temperature,min,°C,11.82
2024-12-15 20:00:00+00,HC Relative humidity,avg,%,77.28
2024-12-15 20:00:00+00,HC Relative humidity,max,%,80.13
2024-12-15 20:00:00+00,HC Relative humidity,min,%,74.46
2024-12-15 20:00:00+00,Dew Point,avg,°C,8.6
2024-12-15 20:00:00+00,Dew Point,min,°C,8.2
2024-12-15 20:00:00+00,VPD,avg,mbar,3.3
2024-12-15 20:00:00+00,VPD,min,mbar,2.8
2024-12-15 20:00:00+00,DeltaT,avg,°C,2
2024-12-15 20:00:00+00,DeltaT,max,°C,2
2024-12-15 20:00:00+00,DeltaT,min,°C,2
2024-12-15 20:00:00+00,Sunshine duration,time,"",0
2024-12-15 20:00:00+00,U-sonic wind speed,avg,m/s,1.9
2024-12-15 20:00:00+00,U-sonic wind speed,max,m/s,2.5
2024-12-15 20:00:00+00,U-sonic wind dir,last,deg,298
2024-12-15 20:00:00+00,Wind gust,max,m/s,4.3
2024-12-15 20:00:00+00,U-sonic  wind hardware version,last,"",300
2024-12-15 20:00:00+00,U-sonic  wind firmware version,last,"",145
2024-12-15 20:00:00+00,U-sonic  wind identifier LSB,last,"",540292675
2024-12-15 20:00:00+00,U-sonic  wind identifier middle,last,"",1261522965
2024-12-15 20:00:00+00,U-sonic  wind identifier MSB,last,"",2687065
2024-12-15 20:00:00+00,EAG Soil moisture,avg,%,52.2
2024-12-15 20:00:00+00,Volumetric Ionic Content,avg,VIC,2427.4398
2024-12-15 20:00:00+00,Soil temperature,avg,°C,15.5
2024-12-15 20:00:00+00,Soil temperature,max,°C,15.6
2024-12-15 20:00:00+00,Soil temperature,min,°C,15.5
2024-12-15 21:00:00+00,Solar radiation,avg,W/m2,0
2024-12-15 21:00:00+00,Solar Panel,last,mV,0
2024-12-15 21:00:00+00,Precipitation,sum,mm,0
2024-12-15 21:00:00+00,Battery,last,mV,6559
2024-12-15 21:00:00+00,HC Serial Number,last,"",20734861
2024-12-15 21:00:00+00,HC Air temperature,avg,°C,12.45
2024-12-15 21:00:00+00,HC Air temperature,max,°C,13.09
2024-12-15 21:00:00+00,HC Air temperature,min,°C,11.86
2024-12-15 21:00:00+00,HC Relative humidity,avg,%,78.88
2024-12-15 21:00:00+00,HC Relative humidity,max,%,82.77
2024-12-15 21:00:00+00,HC Relative humidity,min,%,74.95
2024-12-15 21:00:00+00,Dew Point,avg,°C,8.8
2024-12-15 21:00:00+00,Dew Point,min,°C,8.4
2024-12-15 21:00:00+00,VPD,avg,mbar,3
2024-12-15 21:00:00+00,VPD,min,mbar,2.3
2024-12-15 21:00:00+00,DeltaT,avg,°C,2
2024-12-15 21:00:00+00,DeltaT,max,°C,2
2024-12-15 21:00:00+00,DeltaT,min,°C,2
2024-12-15 21:00:00+00,Sunshine duration,time,"",0
2024-12-15 21:00:00+00,U-sonic wind speed,avg,m/s,1
2024-12-15 21:00:00+00,U-sonic wind speed,max,m/s,1.5
2024-12-15 21:00:00+00,U-sonic wind dir,last,deg,291
2024-12-15 21:00:00+00,Wind gust,max,m/s,2.9
2024-12-15 21:00:00+00,U-sonic  wind hardware version,last,"",300
2024-12-15 21:00:00+00,U-sonic  wind firmware version,last,"",145
2024-12-15 21:00:00+00,U-sonic  wind identifier LSB,last,"",540292675
2024-12-15 21:00:00+00,U-sonic  wind identifier middle,last,"",1261522965
2024-12-15 21:00:00+00,U-sonic  wind identifier MSB,last,"",2687065
2024-12-15 21:00:00+00,Soil temperature,avg,°C,15.5
2024-12-15 21:00:00+00,Soil temperature,max,°C,15.5
2024-12-15 21:00:00+00,Soil temperature,min,°C,15.5
