catégories,destributions géographiques,cadres techniques
خلية الارشاد الفلاحي,القيروان الشمالية,تقني رئيس
مركز اشعاع فلاحي,الباطن الشرقي,شاغر
مركز اشعاع فلاحي,ذراع التمار,شاغر
مركز اشعاع فلاحي,الغابات,تقني
مركز اشعاع فلاحي,الباطن الغربي,شاغر
خلية الارشاد الفلاحي,القيروان الجنوبية,رئيس الخلية
مركز اشعاع فلاحي,مرق الليل,شاغر
مركز اشعاع فلاحي,رقادة,شاغر
مركز اشعاع فلاحي,كيلاني,شاغر
مركز اشعاع فلاحي,زعفرانة,شاغر
مركز اشعاع فلاحي,"الخضراء , البريكات",تقني رئيس
مركز اشعاع فلاحي,زرود,شاغر
مركز اشعاع فلاحي,المخصومة,شاغر
مركز اشعاع فلاحي,الخزازية,تقني أول
خلية الارشاد الفلاحي,بوحجلة,تقني رئيس
مركز اشعاع فلاحي,الشوامخ,شاغر
مركز اشعاع فلاحي,بئر مسيكين,تقني أول
مركز اشعاع فلاحي,بوساري,شاغر
مركز اشعاع فلاحي,جهينة,شاغر
مركز اشعاع فلاحي,بوحجلة,تقني
مركز اشعاع فلاحي,القطيطير,شاغر
مركز اشعاع فلاحي,النصر,شاغر
خلية الارشاد الفلاحي,الشبيكة,تقني أول
مركز اشعاع فلاحي,الرويسات,تقني رئيس
مركز اشعاع فلاحي,العوامرية,شاغر
مركز اشعاع فلاحي,الشبيكة,شاغر
مركز اشعاع فلاحي,سيدي علي بن سالم,شاغر
مركز اشعاع فلاحي,عبيدة,شاغر
خلية الارشاد الفلاحي,السبيخة,مهندس أول
مركز اشعاع فلاحي,الدخيلة,تقني
مركز اشعاع فلاحي,الشرفة,شاغر
مركز اشعاع فلاحي,الشقافية,شاغر
مركز اشعاع فلاحي,سرديانة,شاغر
مركز اشعاع فلاحي,عين بومرة,تقني
مركز اشعاع فلاحي,الفريوات,مساعد تقني
مركز اشعاع فلاحي,الذريعات الشمالية,تقني
مركز اشعاع فلاحي,الذريعات الجنوبية,شاغر
مركز اشعاع فلاحي,القطيفة,شاغر
مركز اشعاع فلاحي,سيدي ناجي,تقني أول
مركز اشعاع فلاحي,سيسب,شاغر
مركز اشعاع فلاحي,العويثة,تقني أول
خلية الارشاد الفلاحي,حفوز,مهندس رئيس
مركز اشعاع فلاحي,خيط الواد,شاغر
مركز اشعاع فلاحي,حفوز,تقني
مركز اشعاع فلاحي,الشريشيرة,تقني
مركز اشعاع فلاحي,العين البيضاء,مساعد تقني
مركز اشعاع فلاحي,طرزة الجنوبية,شاغر
خلية الارشاد الفلاحي,الوسلاتية,تقني رئيس
مركز اشعاع فلاحي,معروف,شاغر
مركز اشعاع فلاحي,زغدود,تقني
مركز اشعاع فلاحي,الوسلاتية,مساعد تقني
مركز اشعاع فلاحي,عين جلولة,شاغر
خلية الارشاد الفلاحي,العلا,
مركز اشعاع فلاحي,العلا,مهندس أول
مركز اشعاع فلاحي,مسيوتة,شاغر
مركز اشعاع فلاحي,المساعيد,شاغر
مركز اشعاع فلاحي,صيادة,شاغر
خلية الارشاد الفلاحي,نصر الله,تقني رئيس
مركز اشعاع فلاحي,منزل المهيري,تقني
مركز اشعاع فلاحي,سيدي سعد,شاغر
مركز اشعاع فلاحي,نصر الله المركز,شاغر
مركز اشعاع فلاحي,المنارة (الكبارة ),شاغر
مركز اشعاع فلاحي,البريكات,شاغر
مركز اشعاع فلاحي,الحميدات,شاغر
خلية الارشاد الفلاحي,حاجب العيون,مهندس أول
مركز اشعاع فلاحي,الحاجب المركز (القنطرة),مهندس أول
مركز اشعاع فلاحي,الغويبة,شاغر
مركز اشعاع فلاحي,الاحواز (المنار),شاغر
مركز اشعاع فلاحي,وادي الحجل,تقني
مركز اشعاع فلاحي,السرجة,تقني أول
مركز اشعاع فلاحي,الهدايا (الرحيمة ),شاغر
خلية الارشاد الفلاحي,الشراردة,تقني رئيس
مركز اشعاع فلاحي,الشراردة,تقني
مركز اشعاع فلاحي,بئر الحلو,شاغر
مركز اشعاع فلاحي,القصور,شاغر
مركز اشعاع فلاحي,أولاد فرج الله,شاغر
مركز اشعاع فلاحي,الشرايطية,شاغر