ISN;Nom;Année;Titre;support
1;TANAKTI Rahma;2018;Dynamique saisonnière et distribution spatiale des espèces bactériennes du genre Anaplasma infectant les bovins du nord de la Tunisie;pdf
2; LTAIEF Houda;2018;CONTRIBUTION A L’ETUDE DE LA QUALITE BACTERIOLOGIQUE DES ABATS DE PETITS RUMINANTS;pdf
3; RBHI Aymen;2018;LA TUBERCULOSE BOVINE ET SON DANGER POUR L'OMME;Non
4; NAJAHI Khaoula;2018;ENQUÊTE DE PERCEPTION DE LA LEISHMANIOSE AUPRES DES PROPRIETAIRES DE CHIENS PRESENTES EN CONSULTATION A L'ECOLE NATIONALE DE MEDECINE VETERINAIRE DE SIDI THABET;pdf
5; MHAMDI Sfafa;2018;IMAGERIE MEDICALE DE L'ŒIL DU CHIEN;pdf
6; MKADEM Emna;2018;CONTRIBUTION A L’ETUDE LESIONNELLE DE LA MALADIE DE MARKE CHEZ LE POULET FERMIER;Non
7;BEN YOUNES  Karim;2017;EFFETS D'UNE SUPPLEMENTATION EN EXTRAITS DE FERMENTATION PROBIOTIQUES SUR LA PRODUCTION ET QUALITE DU LAIT CHEZ VACHE LAITIERE;Non
8; KHALED Nada;2018;LES STRONGYLOSES RESPIRATOIRES DES PETITS RUMINANTS EN TUNISIE : REVUE BIBLIOGRAPHIQUE;pdf
9; FATHI Slim;2017;ETUDE MOLECULAIRE DE LA PREVALENCE D’ANAPLASMA BOVIS CHEZ DES CHEVRES DES GOUVERNORATS DU NORD DE LA TUNISIE;pdf
10; LABIDI Amani;2017;PROGRAMME NATIONAL DE LUTTE ANTIRABIQUE :INFORMATION SUR LES ACTION ET ESTIMATION DES COUTS;pdf
11; MISSAOUI Sarra;2017;CONTRIBUTION A L'ETUDE EPIDEMIOLOGIQUE D LA BRUCELLOSE ZOONOS DNS LA REGION DE SIDI BOUZID;pdf
12; JEMLI Bayen;2017;ENQUETE SUR LES PRATIQUES ALIMENTAIRES DANS LES ELEVAGES AQUACOLES TUNISIENS DE LOUP MARIN (Dicentrarchus labrax) ET DE DAURADE ROYALE (Sparus aurata);pdf
13;kHaoula BEN SALAH ;2017;ETUDE DE LA PRVALENC REGIONALE DE L’INFESTATION PAR DERMANYSSUS GALLINAE DANS DES ELVAGES DU GRAND TUNIS (NORD DE LA TUNISE);Non
14;Adnen DKHIL;2017;Analyse séro-épidémiologique de la relation de causalité entre l’infection par Coxiella burnetii et les avortements des ruminants domestiques dans la région d’Utique;pdf
15;Rihab HLEL;2018;ETUDE DE LA SEROPREVALENCE DE LA FIEVRE Q CHEZ LES OVINS DANS DIFFERENTES REGIONS DE LA TUNISIE;pdf
16; BEN SALEM Khouloud;2017;CANCEROGENESE COLORECTALE SUITE A LA CONSOMMATION DE LA VIANDE ROUGE ET DE LA CHARCUTERIE;pdf
17; MIN AOULED EJEMLIA Zeineb;2018;LES NOUVEAUX BIOMARQUEURS RENAUX CHEZ LE CHIEN;pdf
18; MSALLEM Nourhéne;2018;CONNAISSANCES ACTUELLES SUR LA LAPOROSCOPIE CHEZLE CHEVAL;Non
19; AZIZI Ali;2018;ETUDE COPROSCOPIQUE ET LESIONNELLE DES STRONGYLOSES RESIRATOIRES DES OVINS ABATTUS A L'ABTTOIR DE BOU SALEM(TUNISIE);Non
20; SAHMIM Ela;2018;ETUDE DE LA PREVALENVE ET DE L'ANTIBIORESISTANCE DE SOUCHES D'ESCHERICHIA COLI ISOLEES DE VEAUX ATTEINTS DE DIARRHEE :EMERGENCE DES BETA-LACTAMASES A SPECTRE ETENDU;pdf
21; ELADHIEB Salma;2018;CONTRIBUTION A L'ETUDE DES PARASITES DIGESTIFS DES BOVINS DANS LE GOUVERNORAT DE SISI BOUZID;Non
22;Mefteh OMAR;2018;CONTRUBITION A L'ETUDE LESIONNELLE ET BACTERIOLOGIQUE DES INFECTION A ESCHERICHIA COLI CHEZ LES VOLAILLES DANS LA REGION DU SAHEL ;Non
23;Imed ben said;2018;Etude comparative de l'antibiorésistance de souches aviaires de salmonella Enteridis et salmonella kentucky;Non
24;Abdelmomen Ben Hadj;2018;Contribution à l'étude anatomo pathologique des colibacilloses aviaires ;Non
25;Nidhal Dhahri;2018;Etude seroepidémiologique de la border disease chez des moutons de différentes régions de la Tunisie;Pdf
26;Jammeleddine el Hamrouni;2018;Mise en place d'une technique d'extraction chirurgicale des filaires de dirofilaria immitis chez le chien (utilisation d'un piege manuel);Non
27;Racem Ben Romdhane;2018;Droit et obligations des medecins vétérinaires en Tunisie;Non
28;Lina Rezgui;2018;Histomanas meleagridis et histomonise chez les volailles : Actualités bibliographiques;Non
29;Tarel Ellouze;2017;Contribution à l'étude lesionnelle de la spirocercose chez le chien;Non
30;Dhiaeddine Salah;2017;Contribution à l'étude de l'infestation par dirofilaria immitis chez le chien dans la région du grand tunis;Non
31;Hend ben mustapha;2017;Contribution à l'étude de la contamination superficielle des carcasses de volailles en abbatage industriel;Pdf
32;Mostapha khitmi;2017;Contribution à l'étude de la cyclodestruction chimique par injection intravitéenne de gentamicine dans le traitement de l'hydrophtalmie chez le chien;Pdf
33;Zied triki;2017;Contribution à l'étude bibliographique des principales maladies infectieuses pulmonaires camelines et essai de depistage de la pleuropneumonie contagieuse caprine chez le dromadaire en tunisie;Pdf
34;Oussema Khezami;2017;Le programme national de surveillance de l'influenza aviaire dans le gouvernorat de Nabeul: Evolution des résultats et évaluation du réseau;Pdf
35;Gengis essafi;2017;Etude rétrospective de l'antibiorésistance des bactéries isolées au laboratoire de micro biologie de l'l4ENMV sidi Thabet;Non
36;Fatma mosbahi;2017;Etude anatomo-pathologique des lésions nodulaires cutanées généralisées chez les bovins;Non
37;Sofiane baccouche;2017;Contribution à l'étude lésionnelle de la variole aviaire en Tunisie;Pdf
38;Inès Dhaoui;2017;Le tissus adipeux et son rôle dans la secrétion des adipocytokines: application médicales et perspective;Non
39;Walid hammami;2017;Etude de la prévalance des entérobactéries résistantes aux céphalosporines de 3eme generation dans les éllevages de poulets de chair de la région de sfax;pdf
40;Jomaa meftah;2017;Prévalance et antibiorésistance de souches d'Escherichia coli isolées de féces de dromadaire en Tunisie;Non
41;Adam Jbenyani;2017;Etude des co-infections dans les syndrômes respiratoires aigus dans les élevages de poulet de chair en Tunisie;pdf
42;Faten bouaicha;2017;Etude anatomo-pathologique des lésions cutanées chez le dromadaire ;pdf
43;Anatomie fonctionnelle et imagerie médicale du carpe du cheval;;;pdf
44;Mohamed Mbarek;2017;suivi zootechnique et sanitaire d'un élevage du loup marin (Dicentrrchus labrax);pdf
45;Ragheb Aouina;2017;Les tumeurs pulmonaires chez le chien chien Etude comparative avec l'homme;pdf
46;hajjaji Jiheb;2017;Contribution à l'étude de l'étiologie de l'anémie hémolyptique chez le chien;Non
47;Donia Barbouche;2017;Radialogie en dentisterie féline;Non
48;ben mahmoud malek;2017;etude de la peévalence;pdf
49;ghaith ben youssef;2017;contribution à l'étude morphologique et lesionnelle de la prostate chez le chien ;Non
50;Bilel sellami;2019;La dirofilariose cardiopulmonaire à dirofilaria immitis chez les chiens du centre militaaire cynotechnique a bizerte Dépistache microscopique et moléculaire;Non
51;TORJEMANE Sarra ;2018;CONTRIBUTION À L'ÉTUDE DE LA PREVALANCE DU GÉNE RESPONSABLE DE SCID CHEZ LE CHEVAL PER-SANG ARABE EN TUNISIE;Non
52;BECHIR Mohamed Taher;2018;CONTRIBUTION A L'ETUDE LESIONNELLE DE LA SAECOSPORIDIOSE CARDIAQUE CHEZ LE DROMADAIRE EN TUNISIE;Non
53;CHIBOUB Houssem;2018;BILAN ACTUEL DES CONNAISSANCES SUR L'ICTERE CHEZ LE CHIEN;Non
54;MAHDOUANI Chaima;2018;CONTRIBUTION A L'ETUDE DE LA TOMODENSITOMETRIE AXIALE DE LA CAVITE THORACIQUE DU CHIEN;Non
55;GUESMI Sondes;2018;"ETUDE MOLECULAIRE DES PRINCIPAUX AGENTS ABORTIFES CHEZ LES BREBIS DANS DIFFERENTES REGIONS DE LA TUNISIE
";Non
56;TRABELSI Linda;2018;LES THYMOMES CHEZ LE CHIEN : ETUDE COMPARATIVE AVEC L'HOMME;Non
57;KETATA Wissem;2018;"
EFFETS DE L'INCORPORATION D'UN COMPLEXE DE ZINC SUR LES PERFORMANCES ET LA QUALITE DEDU POULET DE CHAIR";Non
58;BAKHTI Amel;2019;contribution a l'etude lesionnelle des tumeyrs des glandes circumanales chez le chien;Non
59;ABIDI Achref;2019;diagnostic précoce de non gestation chez les bovins par dosage qualitatif de la progestérone dans le lait;Non
60;CHAOUCHI Amira;2017;etude de l'antibiorésistance des souches d'escherichia coli isolées de poulets de chair et recherche de souches prodctrices de béta-lactamases à spectre étendu dans des élevage du grand tunis et du gouvernorat de nabeul;Non
61;JAIDANE ZOUAOUI Basma;2017;contribution a l'etude de l'echographie abdominale chez les carnivores domestiques;Non
62;EL HASSANI Mohamed ;2018;le pietin chez les petits ruminants en tunisie (enquete retrospective sur dix ans (2007-2017) a l'enmv sidi thabet);Non
63;MRAD Amira;2018;la tuberculose chez les carnivores domestiques : étude comparative avec l'homme;Non
64;ABBASSI Idriss;2018;dépistagr de la fiévre catarrhale du mouton chez les carprins au nord de la tunisie;Non
65;JRIBI Firas;2018;etude bibliographique des activités biologiques de l'ail (allium sativum) et applications en aviculture;Non
66;BEN YOUSSEF Aida;2017;contribution a l'etude des principales maladies infetieuses et parasitaires chez les oiseaux d'ornement dans la region du grand-tunis;Non
67;RMDHANE Rihab;2017;caracterisation de l'etat d'endemie de la theileriose tropicale bovine par le depistage du portage asymptomatique dans la region d'utique, gouvernorat de bizerte;Non
68;ZAIDI Riadh;2018;contribution a l'étude épidémiologique de l'infection tuberculeuse bovine zoonose en tunisie ;Non
69;SEGHAIER Myriam;2017;anatomie topographique et imagerie par resonnance magnetique la cavite abdominale de chien;Non
70;NOUIRA Eya;2018;estimation de l'impact économique du pou rouge des volailles (dermanyssus galliane) sur les élevage avicoles en tunisie;Non
71;JLASSI Amel;2018;pathologie médicale du chien et du chat : etude descriptive sur les population, canine et féline, consultées à l'enmv de sidi thabet pendant la période entre 01/09/2015 et 31/07/2016;Non
72;DRIDI Zeineb;2019;infection rucellique : indicateurs epidemiologiques disponibles en tunisie;Non
73;MOHAMED Mariem;2019;dépistage de la fièvre Q chez des ovins de différentes régions de la tunisie;Non
74;WERTANI Lobna;2019;Autoédication chez les animaux de compagnie : enquète descriptive auprès des propriétaires de chiens et de chats;Non
75;MAHJOUB Wassim;2019;prévalence et antiiorésistance des entérobactériers dans les mammites bovines clinique du gouvernorat de mahdia;Non
76;BEN KHALIFA Hela;2017;imagerie médicale en dentisterie équine;Non
77;BEN KHEDHER Rim;2018;etude de la prévalance et de l'antibiorésistance des souches d'escherichia coli isolées de fèces de bovins prélevés à l'abattoir;Non
78;BEN MABROUK Brahim ;2018;reperes anatomiques et geste techniques chez les oiseaux;Non
79;LANDOULSI Marwa;2018;dynamique saisonniere et distribution spatiale des especes d'anaplasma infectant les petits ruminants du nord de la tunisie;Non
80;MAAZAOUI Ala;2018;prévalaence et antibiorésistance de souches d'escherichia coli isolées de fèces de chiens atteints de troubles digestifs en tunisie;Non
81;BOUALLEGUE Seifeddine;2018;etude de la prévalence et de l'antibiorésistance des souches d'escherichia coli et recherche de souches productrices de béta-lactamases à spectre étendu isoées dans les matiéres fécales de chiens sains;Non
82;JAMEL SAIDI;2018;influence d'une injection d'un complexe à base de minéraux et oligoelements une semaine après le velage sur la délivrance placentaire chez la vache laitière ) l'OTP EL ALAM;pdf
83;Nour el imen Somaa;2018;Essai vaccinal préliminaire d'une souche;pdf
84;Rahma saddem;2018;contribution à l'étude de l'infestation des ovins par l'haemonchose au nord et nord ouest de la Tuniise;pdf
85;Ahmed souissi;2018;prévalence et antibiorésistance des staphylocoques à coagualase positive isolés des muqueuses nasales et rectales du dromadaire en Tunisie;NON
86;Mohamed Saidi;2018;Etude de la prévalence et de l'antibiorésistance d'Eschérichia coli isolés de matière fécales d'agnaux atteints de diarrhée néonatale et recherche des souches productrices de BLSE;NON
87;Mohamed Labidi;2018;Considération sur l'hydatidose animale et humaine;NON
88;Ahed amine HELAOUI;2018;Surveillance sanitaire d'un élevage de la daurade en cage;NON
89;Khalil Hamdène;2018;"Enquete séro-épidémiologique sur la fiévre ""Q"" chez le dromadaire dans le sud de la Tunisie";pdf
90;Cyrine ben mahmoud;2018;Apport de la biologie moléculaire en oncologie humaine et canine;pdf
91;Brahim Amine;2018;Effet de l'incorporation des extraits de feilles d'olivier dans l'eau de boisson du poulet de chair;pdf
92;Abir Tissaoui;2018;Étude de la résistance aux antibiotiques non bêtalactamines de souche d'Eschérichia coli isolées de poulets de chair dans la région d'élevage  du sahel tunisie;pdf
93;Hadhemi GHODHBANE;2018;Etude de la résistance aux bêta lactamines de souches d'Escherichia coli isolées de poulets de chair et recherche de bêta lactamases à spectre étendu dans des élevages de la région du sahel;pdf
94;Olfa kilani;2018;Les troubles de comportement chez le chien (Etude bibliographique);NON
95;Nourane Chetouane;2018;contribution à l'étude de l'echocardiographie chez le chien: application au diagnostic, au pronostic et au suivi thérapeuthique;pdf
96;Yassine MZAH;2018;Etude des efftes d'un protocole de synchonisation des chaleurs à base de progesterone (PRID@DELTA) sur les performances de la reproduction des vaches laitières en anoeustrus dans la région de Joumine;pdf
97;Nahla Kouki;2018;Le syndrôme anémique chez les petits ruminats (Etrude retrospective sur 7 ans de 2010 à 2017);pdf
98;Khouloud Klahchi;2018;Etude anatomique et histologique du pancréas du dromaidaire 5camelis dromedarius);pdf
99;Hela rokbani;2018;Comportement et bien être du chien guide pour déficients visuels: réflexion autour de son introdction en Tunisie;pdf
100;Meriem Lazreg;2018;Contribution à l'étude du collapsus trachéal chez le chien et en médecine comparée;NON
101;AJABI Rayhane;2020;Etude comparée de deux protocoles à base de progestérone dans le traitement de l'anoestrus post-partum chez la vache laitière  ;PDF
102;KTATA Nabil;2020;Antiseptique & désinfectants en médecine vétérinaire;PDF
103;INOUAYEL Sondes;2020;Les diarrhées néo-natales chez l'agneau et le cheveau : Etude rétrospective sur dix ans (2008-2018);PDF
104;BEN ABDELLATIF sinda;2020;Séroprévalence de la fièvre Q chez les ovins dans différentes régions de la Tunisie;PDF
105;BOUKADI Mouna;2020;L'immunothérapie anti-cancereuse chez l'homme : ou on en est chez les carnivores domestiques?;PDF
106;SDOUGA Nadia;2020;Les atteintes cardiaques: Etude comparative entre l'homme et les animaux domestiques;PDF
107;RABII Youssef;2020;Le portage cutaneo-muqueux de staphylocoques chez des chiens atteints de dermatite ou d'otite: identification moléculaire des especes a coagulasse positive et étude phénotypique et moléculaire de leur résistance aux antibiotiques;PDF
108;EL GHARRES Anas;2020;Contribution a l'étude anatomopathologique des mélanomes cutanés chez le chien : Etude rétrospective;PDF
109;HMIMIDA Maher ;2020;Contribution à l'étude des principales zoonoses virales émergentes transmises par les chiroptères et du système de veille sanitaire en Tunisie;PDF
110;OUNI Wissal;2020;Maladies du loup marin (Dicentra chus labrax) et la daurade royale (Sparus aurata): synthèse bibliographique;Non
111;TLILI Khouloud;2020;Les affections médicales liées à l'effort chez le cheval de sport, étude bibliographique;PDF
112;HEDHLI Awatef;2020;Etude de prévalence et de l'antibiorésistance des souches d'Escherichia coli isolées de la muqueuse rectale de chats apparemment sains ou malades et recherche de souches productrices de beta-lactamases à spectre étendu;PDF
113;DABBABI Oumaima;2020;Contribution à l'étude anatomopathologique de la hernie diaphragmatique chez le chat : Etude rétrospective (2009-2019 à L'ENMV);PDF
114;BOTANE Sleheddine;2020;Contribution à l'étude lésionnelle de la sarcosporidiose dans les muscles de la tête chez le dromadaire;PDF
115;BEN SOUISSI Rami;2020;Contribution à l'étude biométrique du chinchard commun ( Trachurus trachurus) et son infestation par les Anisakidés;PDF
116;BALLOUM Syrine;2020;Contribution à l'étude de l'infestation de dix espaces de poissons benthiques par les anisakides;PDF
117;BEN MABROUK Mariem;2020;Enquête rétrospective des affections respiratoires infectieuses des carnivores domestiques et des équidés venus en consultation à l'ENMV etre  2016 et 2018;PDF
118;JLASSI Atef;2020;Les helminthes viscéraux du sanglier (Sus scrofa) : Actualités bibliographiques et dépistage par autopsie et coproscopie dans le Nord de la Tunisie;PDF
119;MEMMICH Imen;2020;Séroprévalence de l'aborder disease chez les  ovins dans différentes régions de la Tunisie;PDF
120;GUELLOUZ Dorra;2020;Etude ser-epidemiologique de la fièvre de la vallée du rift chez le dromadaire en Tunisie;PDF
121;OUERTATANI Imen;2020;Dépistage nécropsique et coproscopique des helminthes viscéraux du sanglier (Sus scrofa) dans le Nord de la Tunisie;PDF
122;JAOUADI Randa;2020;Contribution à l'étude de la transfusion sanguine chez les ovins dans le contexte Tunisien ;PDF
123;BEDOUI Waddah;2020;Contribution à l'étude des ectoparasites des chauve-souris  en Tunisie;PDF
124;MOUAKHAR Azza;2020;Etude rétrospective de dix années d'analyses bactériologique des mammites cliniques (2010-2019) chez la vache laitière et étude de l'antibiorésistance des bactéries en cause ;PDF
125;BEN GHEDIFA Ghalia;2020;Affections et cancer de la glande thyroïde : Etude bibliographique comparative entre le chien et l'humain;PDF
126;ARFAOUI Khouloud;2020;Contribution à l'étude de la leptospirose canine dans la région du Grand-Tunis;Non
127;AYARI Alaéddine;2020;Apports du laboratoire dans la détection des arboviroses-zoonoses d'origine équine: fièvre du nil occidental et stomatite vésiculeuse contagieuse;PDF
128;BEN TANFOUS Hajer;2020;Usage des antiparasitaires pour le traitement des parasitoses courantes des carnivores domestiques en Tunisie : Enquête sur questionnaire à la clinique de l'ENMV Sidi Thabet;Non
129;NASRAOUI Oussama;2020;Contribution à l'étude de la qualité bactériologique des laits en poudre;PDF
130;OUESLATI Younes;2020;Contribution à l'étude bibliographique de la peste des petits ruminants et présentation des résultats de l'enquête de prévalence sérologique dans la délégation de bargou (Siliana);Non
131;LAZHAR Mayssa;2020;Contribution à l'étude du contrôle de la machine à traite et de la qualité du lait en Tunisie ;PDF
132;SAYAR Marwen;2020;Les infections à chez les oiseaux: Actualités bibliographiques;PDF
133;CHAKROUN Med Mouadh;2020;Enquête ser-epidemiologique sur la chlamydiose chez des dromadaires sains dans différentes régions de la Tunisie;PDF
134;HASNAOUI Jihéne;2020;Contribution à l'étude de l'infestation de sept especes de possons marins pelagiques par les anisakides;PDF
135;SASSI Ramzi;2020;Impact de l'abattage rituel sur le bien etre animal et la qualite de la viande : Etude bibliographique;PDF
136;BEN ISMAIL Med Amine;2020;Approche diagnostique et therapeutique des tumeurs thoraciques primitives rares chez le chien : Etre comparative avec l'homme;PDF
137;MEMMI Hamza;2020;Contrôle de l'insemination artificielle, selection genomique des taureaux et evaluation de la  reproduction des bovins laitiers;PDF
138;AMARA Mariem;2020;Contribution à l'étude de la fièvre à virus West Nile chez les équidés dans 4 gouvernorats du nord de la Tunisie;PDF
139;DRIDI Najla;2020;Les tumeurs mediastinales chezle chat: etude comparative avec l'homme;PDF
140;TLILI Sana;2020;Les tumeurs neuroendocrines pulmonaires : En augmentation chez l'homme, exceptionnelles chez le chien;PDF
141;KADDOUR Wajih;2020;Contribution à la lecture des frottis sanguins chez les possons : approche par intelligence artificielle basée sur l'image;PDF
142;MARZOUK Ahmed;2020;Maladies infectieuses et parasitaires des poissons d'eau douce : synthèse bibliographique;PDF
143;CHAOUCH Saifeddine;2020; Contribution à l'étude des deux parasites des chiens : linguatula serrata et pneumonyssoides caninum;PDF
144;JANDOUBI Amira;2020;Etude de la prévalence moléculaire de Bartonella spp, chez les dromadaires et leurs tiques en Tunisie;Non
145;BEN JAAFAR Sayma;2020;Contribution à l'étude de l'infestation de trois espaces de scombridés par les anisakides;PDF
146;IMBOUA Dina;2020;Les pratiques de l'antibiothérapie dans les élevages de volailles de chair en Tunisie : Enquête de terrain;Non
147;ALLOUS aymen;2019;Etude des effets des champs électromagnétiques et/ou de l'huile de lentisque sur la cicatrisation des plaies cutanées chez le lapin;PDF
148;CHERIF Ali;2019;Etude rétrospective sur les localisations extra pulmonaires de l'hydatidose humaine et animale et méthodes de lutte;Non
149;DHEHIBI Tawba;2019;Les helminthes gastro-intestinaux chez les rongeurs capturés à sidi thabet, Hassi El Ferid  et Dehiba (Tunisie) ;PDF
150;GRIRA Khouloud ;2019;Contribution à l'étude anatomopathologique de la péritonite infectieuse féline;PDF
151;BEN HADJ Hmida;2019;Atlas radiographique de la tete du dromadaire (Comelus dromedarius);PDF
152;BEN OUHIBA Meriem;2019;Infection brcellique chez les petits ruminants et chez l'homme dans le gouvernorat de sisi bouzid : investigatino serologique sur les femelles ayant avorte aSidi Ali Ben Aoun;PDF
153;ASSOUDI Abdelbacet;2019;Contribution à l'étude des helminthes gastro-intestinaux du lièvre du cap ( lepus capensis) a hassi el ferid, Kasserine(Tunisie);PDF
154;DABBOUB Mohamed Ali;2019;Etude séro-épidémiologique de la brucellose chez les brebis dans différentes régions de la Tunisie;PDF
155;RHIF Nesrine;2019;Contribution à l'étude lésionnelle et parasitologique des principales infestations par les parasites intestinaux chez le poulet fermier;PDF
156;BEN OTHMEN Wathek Bellah Séjir;2019;Tumeurs thoraciques primitives rares chez le chien: Etude comparative avec l'homme;PDF
157;INOUBLI Najoua;2019;Contribution à l'étude lesionnelle de la turberculose bovine à l'abattoir de Bousalem ;PDF
158;TEBER Yahia;2019;Residus de ? lactamines dans le lait collecté par la centrale laitière du Nord;Non
159;SANHAJI Rania;2019;Etude immunopathologique de la leishmaniose oculaire canine;PDF
160;KHEDHRI asma;2019;Etude de l'impact des coccidioses aviaires sur l'etat sanitaire, le gain moyen quotidien, le gain relatif du poids et l'indice de consommation des coquelets;Non
161;MOULLA Noula;2019;Contribution à l'étude de la parvovirose et la maladie de carré chez le chien dans Nord Est de la Tunisie;PDF
162;BELKAHLA Zied;2019;Contribution à l'étude des helminthes pulmonaires et digestifs chez le sanglier dans les regions de borj touil et el nahli (Tunisie);PDF
163;BEN NEJMA Mohsen;2019;Enquête epidemiologique retrospective et mesures preventives sur les principalespathologies chez les ongules sauvages en Tunisie;PDF
164;MIZAOUI Imen;2019;Depistage moleculaire de theileria Equi et de bBabesia Caballi chez des chevaux barbes soumis au contrôle officiel de fliation  ;PDF
165;AOUINI Chiraz;2019;Conduite d'elevage et gestion technico-economique au haras national de sidi Thabet : Etude descriptive;PDF
166;LAAMAR Chaker;2019;Synthèse bibliographique sur l'encephalopathie spongiforme bovine : de l'emergence a la gestion de crise jusqu'à sa maitrise;Non
167;GADRIA Mariem;2019;Contribution à l'étude du potage bactérien du petit ténébrion (alphitobius diaperineus) collecté des élevages avicoles au Nord-Est de la Tunisie;PDF
168;LAHOUAR Ahmed;2019;Les principales parasitoses du dromadaire dans le gouvernorat de sousse;Non
169;GHORBEL Roua;2019;Contribution à l'étude de la contamination des produits de la prche par les elements traces metaliques : mercure- Cadmium-Plomb en Tunisie;PDF
170;KACHATI Badis;2019;Etude de la prévalence et de l'antibiorésistance des souches d'Escherichia coli isolées de fèces de chevaux et détection de souches productrices de bêta-lactamases à spectre étendu;PDF
171;CHELBI Nadia;2019;Proposition d'une strategie de gestion sans cruaute de la population canine errante en Tunisie;PDF
172;ESSID Aicha;2019;Utilisation de la protiene antagoniste au recepteur de l'interleukine 1 dans le traitement de l'arthrose chez le chien;PDF
173;BOUCHLAGHEM Sarra;2019;Dosage de l'azote basique volatil total chez le crabe bleu portunus segnis en Tunisie;PDF
174;TRIFI Nabil;2019;Considérations sur la peste des petits ruminants: Aspects anatomopathologiques, épidémiologiques, diagnostiques et prophylactiques;PDF
175;OUADDAY Mortadha;2019;Enseignement vétérinaire en Tunisie et a l'etranger, etude perspective et comparative, modele de reforme;Non
176;KHEFACHA Farouk;2020;Etude de la prévalence et de l'antibiorésistance des souches d'Escherichia coli isolées de fèces de chevaux et détection de souches productrices de bêta-lactamases à spectre étendu;PDF
177;JABLOUN Syrine;2019;Les pertubateurs endocriniens : risque sur la santé humaine, animale et oyens de prévention;PDF
178;KALLEL Hiba;2017;Etude de la prévalence de l'infection par les bacteries du genre ehrlichia chez le chien en Tunisie;PDF
179;AZOUZI Zeineb;2017;Detection moleculaire du coronavirus du syndrome respiration du moyen-orient ( Mers-coV) chez le dromadaire (camelus dromedarius) en Tunisie;PDF
180;OTHMANI Rahma;2018;Etude sur le secteur Apicole Biologique en Tunisie;Non
181;BLANCO Ons;2020;Contribution à l'étude des paramètres morph-biométriques de l'anguille européenne dans la lagune de Ghar El Melh ;PDF
182;SAID Nada;2020;Contribution à l'étude lesionnelle de la sarcosporidiose de la langue chez les ovins en Tunisie;PDF
183;OUESLATI Fatma;2019;Contribution à l'étude de l'infestation de neuf espèces de possons marins de la région de Ghar E Melh (gouvernorat de Bizerte) par les Anisakidés ;Non
184;KHALED Khouloud;2019;Etude epidemiologique de l'infestation par des larves cysticerus tenuicollis chez les petits ruminants dans la region de nabeul (Menzel Temime);PDF
185;OMRI Wafa;2019;Contribution à l'étude lésionnelle des motifs de saisie des poumons d'equides a l'abattoir de Tunise;PDF
186;HADJ SALAH Fehmi;2019;Contribution à l'étude lésionnelle de la sarcosporidiose diaphragmatique du dromadaire;Non
187;JAZIRI Nadia;2020;Etude de la résistance aux beta-lactamines des Escherichia coli isolés de poulets de chair sains dans des élevages de la région de Sfax : Emergence de souches productrices de BLSE/AmpC;PDF
188;BOURKHIS Abdallah;2019;Surveillance sanitaire d'un élévage du loup marin Dicentrarchus labrax en cages offshore;Non
189;DABBABI Souhir ;2019;Contribution à l'étude du syndrome malabsorption chez le poulet de chair dans huit élevages au Nord-Est de la Tunisie;PDF
190;BRAHMI Jassem;2019;Contribution à la mise en place de l'agrement zoosanitaire dans un élévage de loup larin et de daurade royale en cages flottantes;PDF
191;MEJDOUBA Marwa;2019;Contribution à l'étude bibliographique de la maladie d'aueszky et gestion du risque de propagation du virus chez le sanglier en Tunisie;PDF
192;TRIFI Amani ;2019;Contribution à l'étude morphometrique de la moule mediterraneenne Mytilus galloprovincialis et son infestation par Mateilia sp, dans la lagune de Bizerte;PDF
193;RAFRAFI Hamdi;2020;Contribution à l'étude anatomique de la vascularisation arterielle de la tete et du cou de l'ORYX;PDF
194;HAMDI Manel;2020;Etude moléculaire des gènes impliqués dans l'antibiorésistance aux beta-lactamine et aux antibiotique critiques sur des souches;PDF
195;BOUALLEGUE Oussema;2018;Application d'un protocole d'insémination a temps fixe OvSynch (GPG)dans un élevage bovin laitier au nord de la Tunisie;PDF
196;REZGUI Hanen;2019;Contribution a l'etude de la monte en élevage pur sang arabe dans les haras nationaux rn Tunisie;PDF
197;BEN HADJ TAIEB Nada;2019;Etude de la prévalence et de l'antibiorésistance des souches d'Escherichia coli isolées de la muqueuse rectales de chats apparemment sains et recherche de souches productrices de beta-lactamases à spectre étendu;PDF
198;BALTAGI Mohamed;2019;Etude de l'antibiorésistance de souches d'Escherichia coli isolées de poulets de chair malades et détection de souches productrices de beta--lactamases à spectre étendu;PDF
199;ARAB Mohamed;2019;Depistage de l'infection par Theileria annulata par étalement sanguin et PCR sur un echantillon d'élevage bovin enquete dans la region de amdoun en 1993-2006;PDF
200;BEL HADJ Marwa;2019;Etat actuel des connaissances sur la consolidation osseuse chez les carnivores domestiques;PDF
201;MELLITI Eya;2018;Contribution à létude de l'anesthesie generale speciale chez les carnivores domestiques;PDF
202;YAMOUN Asma;2018;Les nephropathies chez la poule (Gallus gallus) : Etude lesionnelle retrospective sur 5ans (2012-2016);Non
203;ZITOUNI Sahar;2018;Etude lesionnelle des fois d'equides saisis a l'abattoir de Tunis;PDF
204;AGUIR Sana ;2017;Incorporation d'un additif à base d'un extrait de la racine de réglisse dans l'eau de boisson des poulets de chair;PDF
205;ZAYOUB Amine;2017;Etude lesionnelle des motifs de saisies d'origine parasitaire des ovins à l'abattoire du sers (le kef);Non
206;BOUSNINA Asma;2017;Pathologie nerveuse : enquête descriptive dans la population canine et féline examine à la clinique de l'Ecole Nationale de Médecine Vétérinaire;PDF
207;GHALI Marwa;2017;Imagerie médicale des viscères post-diaphragmatique du chien;Non
208;DHAOUI Anissa;2017;Actualités bibliographiques sur les principales mycoplasmoses des petits ruminants et depistage sérologique de la pleuropneumonie contagieuse caprine (PPCC);PDF
209;JALEL Farah;2017;Application des ortheses en medecine veterinaire : Etude bibliograohique;PDF
210;ABBASSI Fairouz;2017;Contribution à l'étude de l'infestation de la daurade royale Sparus aurata par Enteromyxum leei;PDF
211;LABIDI Imen;2017;Variations biochimiques lors de la leishmaniose canine;PDF
212;TIMOUMI Oumayma;2017;Etude serologique et virologique de la laryngo-tracheite infectieuse aviaire (LTI) dans les élévages du nord de la Tunisie (Grand Tunis et Nabeul);Non
213;SASSI Lazher;2017;Contribution à l'étude de la qualité du lait et la gestion du troupeau bovin laitier dans la ferme : OTD El Alam;PDF
214;MESTIRI Mohamed;2017;Contribution à l'étude anatomo-pathologique des bronchopneumonies infectieuses chez les veaux à l'Ecole Nationale de Médecine Vétérinaire à props de 384 cas autopsiés;PDF
215;GHARBI Oussema;2017;Contribution à l'étude sero-epidemilogique de la leucose bovine enzootique en Tunisie: enquête descriptive dans la delegation de Bou Salem ;PDF
216;OBBI Amina ;2019;Etude de la prévalence de l'antibiorésistance des souches d'Escherichia coli isolées  des fèces d'ovins sains dans le nord de la Tunise;PDF
217;MNAFGUI Nouha;2019;La tuberculose extrapulmonaire chez les bovins : Etude comparative avec l'homme;Non
218;BEN ROMDHANE Kaouther;2019;Rôle potentiel des blattes dans la transmission de bactéries résistantes aux antibiotiques- Application au cas des entérobactéries résistantes aux bêta-lactamines;PDF
219;KAMOUN Habib;2019;Etude de la seroprevalence de la fiévre Q chez le dromadaire dans le centre de la Tunisie;Non
220;CHABCHOUB Rania;2019;Contribution à l'étude morph-biométrique des rougets (Mullus surmuletus et  Mullus barbatus) et leur infestation par les Anisakidés;PDF
221;MILED tej El Molek Malek;2019;Contribution à l'étude de la dentisterie des carnivores domestique;PDF
222;BLIBECH Houda;2018;Biologie des felins sauvages et impact de la captivite sur leur bien-être modele d'étude le lion Panthera léo léo ;PDF
223;BOUBAKER Salma Mariem;2019;Etude de la prévalence et de l'antibiorésistance des souches d'Escherichia coli isolées   de fèces de bovins cliniquement sains de la région de Bizarte;PDF
224;GALAI Néjia;2019;Etude du portage intestinal d'des souches d'Escherichia coli isolées chez des veaux diarrhéiques du gouvernorat de Bizerte : Emergence des souches multirésistantes et productrices de beta;PDF
225;BEN BRAIEK Ayoub;2019;Etude anatomique et tomodensitométrique des sinus paranasaux du dromadaire (camelus dromedarius);PDF
226;FRIKHA Chaima;2019;Etude de l'des souches d'Escherichia coli isolées isolées  de fèces de souches d'Escherichia coli isolées deviande de poulets de chair et recherche de souches productrices de beta--lactamases à spectre étendu;PDF
227;AYACHI Amira;2019;Etude sero-epidemiologique de la chlamydiose abortive chez des brebis de differentes régionsde la Tunisie;PDF
228;DEROUICHE Yossef;2019;Les strongyloses digestive chez les petits ruminants en Tunisie: Revue bibliographique;PDF
229;FERCHICHI Dhouha;2019;Contribution à l'étude anatomopathologique des tumeurs cutanées chez le chat;PDF
230;SHILI Sahar;2019;prévalence et de l'antibiorésistance des souches d'Escherichia coli isolées de féces des équidés de travail sains dans la région du Nord-Ouest;PDF
231;REDID Helmi;2021;Etude des effets des champs ‚lectromagn‚tiques et/ou de l'huile de lentisque sur la cicatrisation des brulures cutan‚es chez le modele lapin;PDF
232;ZAYATI Marwen;2020;Etude de la pr‚valence de la maladie hemorragique virale dans les ‚l‚vages cunicoles Tunisiens et caracterisation moleclaire du virus circlant;PDF
233;ZAAFOURI Safwen;2021;Les ict‚res chez les bovins :Etiopathog‚nie et d‚marche diagnostique ;PDF
234;HAMZA Menel;2021;Etude de l'influence du sex, de l'age,de l'origine du cheval et du poids du cavalier sur la vitesse du Pur-sang Arabe dans les courses plates en Tunisie;PDF
235;BEN HAMDA Faten;2021;Le plasmariche en plaquettes (PRP)dans letraitement localde l'arthrose chez le chien;PDF
236;MAAMER Maram;2021;Contribution … l'‚tude de l'endurance equestre en Tunisie: Situation actuelle et caracterisation de la population chevaline qualifiee dans les courses d'endurance de l'ann‚e 2011-2019;PDF
237;KOUKI Hela;2021;Contribution … l'‚tude lesionnelle de la sarcosporidiose oesophagienne chez les ovins en Tunisie;PDF
238;OMRI Amal;2021;L'urolithiase chez le mouton: Etude retrospective sur cinq ans (2015-2020);PDF
239;MANAI Chaima;2021;Exploration clinique et biochimique du foie chez le belier de combat : Etude retrospective sur 4 ans (2013-2016);PDF
240;KAMOUN Meha;2021;l'utilisation des medicaments a usage humain en neurologie chez le chien en Tunisie;PDF
241;MEDNIN Ines;2021;Les nouveaux animaux de compagnie: risques zoonotiques et prevention;PDF
242;AKRMI Najwa;2021;Etude de principale maladies respiratoires chez les caprins: Application … l'‚tude l‚sionnelle et motifs de saisie des poumons des poumons de caprins … l'abattoir d'el Kef;PDF
243;OUALI Ibtihel;2021;Capture et identification des phelbotomes(Diptera: psychodide) dans la r‚gion de sidi Thabet (Tunisie);PDF
244;SEBEI Feriel;2021;Etude morpho-biometrique du merlu (Merluccius merluccius) et son infection par les anisakides;PDF
245;GUESMI Souha;2021;Contribution a l'etude des principaux motifs de saisie chez les ovins a l'abattoir du grand Tunis;PDF
246;KHALOULI Wiem;2021;Contribution a l'etude de l'anatomie de la poche gutturale chez l'ane (Equus africanus asinus);PDF
247;ABBASSI Kawther;2021;Etude retrospective des affections des poissons re‡us au services d'aquaculture ENMV Sidi Thabet sur la periode allant de 2005 A 2021;PDF
248;BELHOUCHETTE Ines;2021;SynthŠse bibliographique sur la variole du dromadaire en Tunisie;PDF
249;SALEM HMIZI Hechem;2021;S‚ropr‚valence des infections … Influenzavirus A et … Metapneumovirus dans les ‚levages de poulets de chair au Sahel Tunisien;PDF
250;ABDELLAOUI Youssef;2021;Prevalence serologique de la bluetongue chez les ovins et les bovins a Jelma (Sidi Bouzid);PDF
251;LOUATI Nour;2021;Validation de la duree de vie microbiologique : Essais sur le blanc de poulet cuit fum et le jambon de b?uf;PDF
252;DHEHIBI Takwa;2021;La tuberculose nerveuse chez le bovin : Etude comparative avec l'homme;PDF
253;JOMNI Abir;2021;Les coronaviroses animales et humaine: Aspects cliniques, Anatomopathologiques et conduite a tenir;PDF
254;CHIBANI Sarra;2021;Consid‚rations epidemiologiques, Anatomopathologiques et diagnostique de la tuberculose caleline;PDF
255;RAHMENI Arbia;2021;Contribution … l'‚tude  de l'infestation de quatre especes de possons marins de la r‚egion de Kelibia par les anisakides;PDF
256;BOULARES Abir;2021;Contribution … l'‚tude anatomo-pathologique des anomalies cong‚nitales de l'appariel digestif du veau;PDF
257;SRAIRI Sinda;2021;Role de la faune sauvage comme r‚servoir de bact‚ries r‚sistantes aux antibiotiques : applications au sanglier( SUS Scrofa) et aux principales ent‚robact‚ries en Tunisie;PDF
258;HAMADI Imen;2021;Etude de la s‚ropr‚valence des infections … Mycoplasma gallisepticum, Mycoplasma synoviae et Ornithobacterium rhinotracheale dans les ‚levages de poules pondeuses d'?uf de cosommation … Sfax;PDF
259;BEN BRAHIM Safa;2021;Surveillance sanitaire de Six cages de grossissement du loup marin Dicentrarachus labrax;PDF
260;EL GHARBI Houssem Eddine;2021;Actualit‚s bibliographiques sur la fievre catarrhale ovine dans le monde et emergence du serotype 4 chez les bovins en Tunisie;PDF
261;LABIDI Raja;2021;Etude des diff‚rentes interactions entre patamŠtres biochimiques et l'apparition du pyomŠtre chez la chienne ;*
262;SOUISSI Wajdi;2021;Contribution … l'Štude de l'anatomie topographique et de l'histolgie des organes h‚matopoi‚tiques des l'anguille europ‚enne Anguilla anguilla;*
263;BEN SALEM Maryem;2021;Prevalence moleculaire de l'ehrlichiose monocytaire canin chez des chiens symptomatiques en Tunisie;PDF
264;BEN SLIMENE Nour;2021;Apport du plasma riche en plaquette dans la cicatrisation corneenne chez les carnivores domestiques;PDF
265;HAMAMI Omar;2021;Evaluation du bien-etre des ‚quid‚s de travail en Tunisie;PDF
266;BEN ABDALLAH Mariem;2021;Surveillance mol‚culaire et caract‚risation phylog‚ographique d'anaplasma marginale chez des bovins en Tunisie;PDF
267;BEN JABALLAH Emna;2021;Le melanome du chien: Etude comparative avec le melanome de l'homme;PDF
268;ZAKHAMA Oumayma;2022;Contribution … l'‚tude ‚pid‚miologique de la fascilose ovine dans la r‚gion de Sejnane (Nord-Ouest de la Tunisie);PDF
269;WANNASSI Ncira;2022;Dominantes pathologiques infectieuse du lapin domestique (Oryctolagus cuniculus): ‚tude r‚trospective des cas re‡us … la clinique aviaire de L'ENMV (2016-2021);PDF
270;BOUGHANMI Khouloud;2022;La leishmaniose generale du chien: Etude anatomo-pathologique retrospective entre 2015 et 2019;PDF
